Customer_ID,Customer_Name,Email,Phone,City,State,Country
1,Sophia Boyd,xcompton@randolph-ryan.com,4806757123,Elliottport,Rhode Island,IRAQ
2,Matthew Miller,lcraig@moody-greene.biz,+1-827-697-0409,Jeromeville,Kentucky,UNITED KINGDOM
3,Rachel Henderson,jwilliams@hotmail.com,274.883.5651,Carpenterfurt,Idaho,FRENCH GUIANA
4,Stacey Howe,preyes@hotmail.com,960-478-4217x028,Curtisberg,Hawaii,VENEZUELA
5,Peter Petersen,amy20@hotmail.com,001-348-688-3906,West Randall,Georgia,SAO TOME AND PRINCIPE
6,Lindsay Jones,davischarles@willis.com,(923)613-3760x523,West Manuelhaven,Connecticut,IRAN
7,Ronald Johnson,rebecca44@thomas-martinez.com,(503)440-9661x77182,Brookeshire,Wisconsin,MAURITIUS
8,Kimberly Huber,jmurray@davis.info,681-359-2664x869,Lake Theresa,Montana,QATAR
9,Jessica Conrad,haley15@yahoo.com,001-450-119-2920,Vangbury,Vermont,VANUATU
10,Michael Bell,rmiller@brown.net,(365)362-1894x5590,Washingtonton,Alaska,NAURU
11,Laura Roman,harold46@yahoo.com,+1-489-667-6056x42045,Grimesfort,Wisconsin,KENYA
12,Steven Duncan,tami38@hotmail.com,6235466226,Jackieton,Connecticut,INDONESIA
13,Lindsey Reed,nealemma@foley.com,(427)677-4625,South Anthonyland,Idaho,FIJI
14,Ariel Watson,aholder@hotmail.com,1798677823,East Beckystad,New Hampshire,VENEZUELA
15,Alexis Pham,virginiaortiz@yahoo.com,(612)120-3843,Petersonchester,Minnesota,QATAR
16,Janice Goodwin,ospencer@richardson.net,(421)838-5454,North Emmachester,Kentucky,GAMBIA
17,Dominique Mcdonald,meganjones@blackburn.info,897-917-7633x4272,East Mikaylaside,Ohio,HONG KONG
18,Sally Hurst,penabruce@gmail.com,+1-630-453-0693x588,West Claudia,Iowa,GREENLAND
19,Sierra Smith,espinozarandy@wagner-palmer.com,(524)445-4460x83851,Morrisonborough,New Hampshire,ROMANIA
20,Ashley May,dawnmartinez@hotmail.com,884.869.9969x882,West Victoriamouth,New Mexico,MOROCCO
21,Sara Garcia,jonhall@gmail.com,001-986-424-2383x9728,East Ashley,Connecticut,CANADA
22,Victoria Keller,myerslisa@hotmail.com,288.098.3221,Port Darylburgh,Iowa,CHINA
23,Alexis Holt,hhamilton@gmail.com,8987610814,West Patrick,Colorado,FRANCE
24,Nathaniel Hurst,debra19@hotmail.com,001-074-682-3546x95100,Lake Kendra,Alaska,KUWAIT
25,Jennifer White,sherry96@yahoo.com,500-666-6411,Lake Phillipstad,Maryland,TRINIDAD AND TOBAGO
26,Brandon Pittman,aaron78@garcia-mendez.org,970-890-5836x683,Angelafurt,Ohio,SAINT KITTS AND NEVIS
27,Lisa Moore,riceamber@hotmail.com,+1-891-787-9150,Leahchester,Idaho,GUYANA
28,Billy Gibson,steelejoel@gmail.com,265-789-8260,Tiffanyside,Alabama,SENEGAL
29,Stephanie Richardson,bowersmichael@edwards.info,127-469-2118x8241,Casechester,Louisiana,CHRISTMAS ISLAND
30,Larry Woods,tbrown@le-richardson.com,854-570-5682,Port Beckyberg,Mississippi,LUXEMBOURG
31,Michelle Smith,chenjeffrey@roach.info,(324)728-2895,Adamland,New York,MALDIVES
32,Susan Black,jennifer31@chaney.biz,+1-507-105-8011,Theresaburgh,New Jersey,TURKS AND CAICOS ISLANDS
33,Veronica Sandoval,ronaldadkins@gmail.com,001-537-092-3007x1695,North Susanview,Vermont,SWITZERLAND
34,Angelica Gordon PhD,jeremy29@hotmail.com,698.936.5294x471,Huffland,South Carolina,SOUTH AFRICA
35,Tammy Madden,lisa13@ayala.com,(896)321-7435x748,West Monica,Georgia,ITALY
36,Jennifer Nelson,mcgeeseth@hotmail.com,+1-344-883-8425,South Samantha,South Dakota,THAILAND
37,Thomas Fernandez,brian74@hotmail.com,6579551562,New Ian,Alabama,NAURU
38,Timothy Barrera,williamscristina@yahoo.com,001-091-311-1786x1902,Lindamouth,Utah,ICELAND
39,Michael Jackson,xlove@edwards.com,+1-201-227-5950x02601,Danielborough,Washington,VENEZUELA
40,Shawn Levy,nschultz@yahoo.com,7407173279,West Jeanetteshire,Utah,HAITI
41,Susan Estrada,smithphilip@howell.com,910.452.0360,Calebside,Maryland,NIGERIA
42,Anna Walker,susanhoward@gmail.com,(952)056-1006x799,Lake Andrewshire,Nevada,WESTERN SAHARA
43,Samantha Brown,cwoods@hotmail.com,784.233.9449,Michelletown,Alabama,INDIA
44,James Charles Jr.,robinsoncynthia@gmail.com,736-542-6241,Medinaburgh,Pennsylvania,BAHAMAS
45,Mary Armstrong,kristinaparker@jones.com,001-060-530-8868,Johnberg,Delaware,BENIN
46,Jeremy Norton,peggy57@webster-ferrell.net,+1-759-212-9964,South Brandon,Kansas,ITALY
47,Sonya Salinas,hwood@jones.info,9207115238,East Jaimeburgh,Connecticut,OMAN
48,Molly Jackson,boydrenee@hotmail.com,5916118638,Martinside,Colorado,SAINT LUCIA
49,Emily Brady,janedavis@hotmail.com,005.378.9318x69289,Nolanhaven,Louisiana,GREENLAND
50,Emily Brown,garywebster@smith.net,948.232.2041,Joshuaview,Tennessee,CROATIA
51,Tammy Dalton,fisherstephanie@ray-page.com,+1-202-030-4232x27752,East Nathanborough,Arizona,UNITED ARAB EMIRATES
52,Bianca Davis,russellrandy@gmail.com,+1-059-377-7569x19832,Lake Andrewburgh,Rhode Island,BENIN
53,Stephen Jennings,mevans@valencia.org,001-831-043-8419x6622,Port Mistyville,Nebraska,LIBYAN ARAB JAMAHIRIYA
54,Anthony Sullivan,zskinner@yahoo.com,001-063-621-9865x50494,Kevinton,New Hampshire,JERSEY
55,Craig Torres,ashleycooper@holland-bennett.info,226.261.1424,Port Robert,Florida,URUGUAY
56,Gwendolyn Pena,emily18@hotmail.com,+1-087-991-9623x4199,Bakerborough,Oklahoma,GUADELOUPE
57,Stacy Cortez,ldickson@yahoo.com,+1-058-333-4303x11587,Johnsonview,Mississippi,TONGA
58,Nicholas Hendricks,drivera@yahoo.com,001-453-536-5974,Hugheshaven,Missouri,SRI LANKA
59,Daniel Ramirez,matthewwood@wolfe.org,815-269-2559x6647,North Melissa,Kansas,AMERICAN SAMOA
60,William Taylor,bakerpaul@yahoo.com,4893326145,Jasonton,New Hampshire,MONGOLIA
61,Matthew Ellis,johnsondebbie@martinez.com,(115)871-8452,West Lisa,Texas,FIJI
62,Casey Small,joseph70@gmail.com,320.865.2377x7296,Flemingchester,Illinois,CONGO
63,Brian Bartlett,lisa78@johnson.com,+1-800-027-2214x2573,South Anthonyport,Iowa,MONTENEGRO
64,Becky Sellers,snyderfrank@gmail.com,136.955.2862,New Deannashire,Washington,NIUE
65,Rachel Cooper,margaret33@gmail.com,(273)938-9920,Michaelfort,Vermont,PUERTO RICO
66,Rachael Walker,davidhenderson@gmail.com,507.610.8708x26971,Port Melissa,Missouri,ARGENTINA
67,John Moore,deanna83@byrd.com,648.467.3574x2233,East Stephanie,Virginia,MADAGASCAR
68,Brian Lawson,michaelmooney@hotmail.com,001-222-560-6295,West Diana,Missouri,ECUADOR
69,Madison Bowen,wyattdanny@nelson.info,130-753-8418x520,East Kimburgh,Montana,PANAMA
70,Richard Beck,ysandoval@edwards.info,5549121516,Charlesshire,Wyoming,URUGUAY
71,Erin Nelson,nvargas@morris.com,7020426201,Davisland,Georgia,GAMBIA
72,Dakota Sanchez,kford@hotmail.com,609.873.1267x731,East Samuel,Missouri,PERU
73,Julia Morgan,ogomez@gmail.com,+1-943-191-6543x0895,East David,Arizona,CAYMAN ISLANDS
74,Benjamin Wilkinson,raguirre@yahoo.com,001-747-000-2687,Torresside,Texas,SERBIA
75,James Armstrong,nicole16@gmail.com,(560)450-0635x5373,New Jocelynview,Oregon,JAPAN
76,Tonya Alexander,derrick63@harris-neal.org,025.512.8276x364,North Melissa,South Carolina,FRENCH GUIANA
77,Lisa Hansen,sbailey@yahoo.com,+1-634-544-3441x49169,Port Catherine,Virginia,WESTERN SAHARA
78,Desiree Hayes,natalie40@blake.com,(309)586-2973,Coryburgh,Connecticut,ALGERIA
79,Dr. Jill Brown MD,mendozakevin@hotmail.com,(346)557-9220x300,Joshuachester,Maryland,HONG KONG
80,Brittany Carr,thomasjo@rodriguez-maxwell.com,001-756-589-6359x5708,Arellanoland,Oregon,NEW CALEDONIA
81,Benjamin Mccarthy,jordanmurphy@yahoo.com,113.885.0342,Port Rick,Texas,SAINT VINCENT AND THE GRENADINES
82,Scott Lee,isaac63@hotmail.com,043-796-8680,New Laceymouth,Virginia,RUSSIAN FEDERATION
83,Laura Ramirez,oliviavaldez@bates.com,430.435.0238x502,Port Angie,Louisiana,JAMAICA
84,Christopher Walton,jamesmeyer@hanson.com,(025)691-3303,East Jameschester,New Jersey,KAZAKHSTAN
85,Michael Santiago,adiaz@yahoo.com,(279)955-3024x53012,Lake Bonnie,Wyoming,ERITREA
86,Carolyn Johnson,brandonfernandez@yahoo.com,901-722-2405,South Lisachester,Kentucky,PANAMA
87,Julia Parsons,smay@morris-green.com,+1-924-065-8387x272,Williamland,Idaho,CAPE VERDE
88,Andrew Sosa,ilong@yahoo.com,001-482-373-3791x212,North Tiffanyville,North Dakota,KUWAIT
89,Amanda Terry,caldwellpatricia@gmail.com,074.039.2519x994,Gregorymouth,West Virginia,TURKS AND CAICOS ISLANDS
90,Ashley Garcia,rebeccadougherty@scott.com,5422162654,Hornborough,Illinois,SAINT VINCENT AND THE GRENADINES
91,Melissa Velasquez,kelly70@shaw-stone.net,+1-950-470-2059x685,New Katiemouth,Illinois,SOLOMON ISLANDS
92,Kathleen Hanson,qsimmons@moore.com,(342)777-5225x92061,Baileyland,Georgia,SUDAN
93,Alyssa Wood,brittanywilson@glass-friedman.biz,029.559.6363,Barnettberg,Tennessee,IRELAND
94,Marcus Phillips,reynoldscharles@green.net,133-138-0049x83211,Port Edwin,Idaho,SLOVENIA
95,Paul Dixon,amanda68@nichols-esparza.com,1918548806,Vanessaberg,Utah,AFGHANISTAN
96,James Hudson,elittle@gmail.com,856-646-4196x23421,Lake Sarah,Georgia,CHRISTMAS ISLAND
97,Clayton Torres,mitchellcheryl@robinson.info,911.797.2699x99498,Lake Eugeneborough,Delaware,SAINT PIERRE AND MIQUELON
99,Erin White,andreasmith@tran-martin.biz,+1-299-007-6862x763,East Megan,Indiana,TURKMENISTAN
100,Lisa Cruz,lisarussell@miller.net,001-626-713-6841x01328,East Rachel,Virginia,NETHERLANDS
101,Michael Sweeney,rachael79@chase.com,(776)106-5920x8814,Port Charles,Florida,LAO PEOPLE'S DEMOCRATIC REPUBLIC
102,Tina Wilson,tara69@day.info,(026)656-8629,Baileyville,Florida,GIBRALTAR
103,Eric Hunter,mark94@graham.com,(990)747-2966,Bryanmouth,Oregon,NICARAGUA
104,Alex Smith,gina74@hotmail.com,(994)641-8398x416,Sanchezmouth,North Dakota,WESTERN SAHARA
105,Christine Quinn,lcarter@johnson.org,(860)521-0262,Williamsfurt,Maine,MEXICO
106,Amy Larsen,amanda45@garcia.net,001-830-574-8839,Greenville,Oklahoma,GUATEMALA
107,Sean Smith,rose00@gmail.com,5661995305,Carterside,Kentucky,SEYCHELLES
108,Samantha Irwin,dcole@hotmail.com,001-701-872-6001x36510,West Samantha,Maryland,ZAMBIA
109,Bonnie Larson,qwebb@blevins-hansen.biz,(240)622-1559x967,West Sarah,Wyoming,CHRISTMAS ISLAND
110,Scott Martinez,joe47@green.info,(484)559-3965x2138,West Adam,Colorado,BURUNDI
111,Nicholas Robinson,smithjohn@barrett.com,001-732-772-6488x395,Jennifermouth,Oklahoma,GREECE
112,Kevin Torres,jenniferedwards@yahoo.com,857-591-7105,New Melissaton,Mississippi,GAMBIA
113,Deanna Gibson,xhall@hotmail.com,524.784.1715,Jacquelineshire,New Jersey,COOK ISLANDS
114,Ryan Morrison,jesse88@walker.net,611.338.9260,Hunterburgh,Oklahoma,BANGLADESH
115,Christopher Daniels,mitchellangela@stewart.com,(174)653-5378,North Williamville,Minnesota,JAMAICA
116,Chelsea Ramirez,emiller@yahoo.com,001-629-691-4336x2999,Pamelachester,Kentucky,UNITED KINGDOM
117,Leonard Andrews,rodriguezamanda@peterson.com,+1-521-189-6844x24648,Christinemouth,Pennsylvania,HEARD ISLAND AND MCDONALD ISLANDS
118,Justin Mcdowell,cynthia95@hotmail.com,(819)022-1797,Port Devinhaven,Ohio,COMOROS
119,Susan Hayes,vsmith@rice.com,436-728-6811,Lake Jeff,Alaska,COTE D'IVOIRE
120,Gloria Hamilton,lanechelsea@flowers-miller.com,001-009-921-7790,Leslieside,Nevada,UZBEKISTAN
121,Daniel Morrow,burtondiane@hotmail.com,807.053.2601x19391,East Susanside,Florida,TIMOR-LESTE
122,Kara Taylor,david60@hotmail.com,8581810450,West Jason,New Jersey,COSTA RICA
123,Taylor Cantu,nicholasmorales@yahoo.com,358-969-3353,Lake Adrianmouth,Ohio,GIBRALTAR
124,Vanessa Skinner,richardsonstephanie@yahoo.com,+1-315-663-9792x55116,Johnton,Texas,BURKINA FASO
125,Susan Ruiz,kjohnson@wheeler.biz,5342816441,Jonesville,South Carolina,QATAR
126,Travis Walters,amanda46@williams-brooks.com,3880273042,Barneschester,Florida,VIETNAM
127,Shelia Baker,shawn89@gmail.com,001-530-969-0676,Heathertown,Oregon,CHINA
128,Joshua Garrison,monica51@hotmail.com,587.271.7430,Shafferside,Delaware,SOLOMON ISLANDS
129,James Collier,harrisstacey@hotmail.com,818.738.7758x33364,Coleview,Connecticut,DJIBOUTI
130,Lisa Dean,james60@gardner.com,(420)412-3190x577,North Joseph,Louisiana,BAHRAIN
131,Michael Simpson,cunninghamerik@yahoo.com,001-381-097-9412x24870,Hernandezfurt,Kentucky,TONGA
132,Jennifer White,braunmegan@gmail.com,(404)326-1189,North Jamesfurt,North Dakota,JERSEY
133,James Williams,amywest@jackson.com,9536621953,Mullenshire,Alaska,ALGERIA
134,John Edwards,simpsonderrick@sheppard.org,130.722.1138x690,Wilkersonfurt,New York,CAMBODIA
135,Alexander Colon,julia17@gmail.com,001-281-707-4436,East Mandyport,Maine,TOGO
136,Stephanie White,wongalexis@white-pruitt.com,001-120-944-7726x90326,Lesliebury,Florida,LATVIA
137,Matthew Morrison,wallererica@yahoo.com,(598)516-0211x915,East Lindaside,Montana,SAUDI ARABIA
138,Morgan Lang,timothy68@hotmail.com,(237)600-8844x74083,Nicholsonside,Colorado,MONACO
139,Andrew Carter,kimbradley@duncan-barber.net,001-369-235-3484x86470,North Jeffrey,North Dakota,ISLE OF MAN
140,Jeffrey Hernandez,cameronjackson@acosta.com,(503)300-0088x634,Chavezshire,Delaware,NEW CALEDONIA
141,Jose Armstrong,kingrichard@johnson.biz,001-232-737-9897,South Alanmouth,Maryland,MAURITIUS
142,Tiffany Bender DVM,ycooke@gmail.com,0099843361,Lake Marymouth,Colorado,VANUATU
143,Stephen Flores,mark29@yahoo.com,(034)015-3534,Jenkinsmouth,Massachusetts,HONDURAS
144,Lisa Wright,jreynolds@hotmail.com,1082402818,East Denise,North Carolina,KIRIBATI
145,Pamela Donaldson,htaylor@mason-jones.com,001-527-353-6423x570,West Christopherville,Wyoming,MOLDOVA
146,Kristen Rivera,omays@hartman.com,001-046-100-7923,West Ronaldtown,Arkansas,BELIZE
147,David Thomas,davisnatasha@gonzalez.org,001-615-120-4850x7665,Port Kelsey,Washington,UNITED STATES MINOR OUTLYING ISLANDS
148,Deanna Reyes,diana27@huerta-christian.com,(019)153-0573x4724,West Angela,Nebraska,BELIZE
149,Jason Jackson DVM,margaretbarnett@long.net,(665)622-4197x6878,Kristyport,New Mexico,LAO PEOPLE'S DEMOCRATIC REPUBLIC
150,Mary Lane,alexis61@turner.com,(354)340-4668,North Edward,Michigan,SOMALIA
151,Sarah Jacobs,michaelandrews@gmail.com,6441119738,New Dwaynebury,Alabama,TOGO
152,Cynthia Perez,jenniferrice@yahoo.com,001-680-664-0511,East Christopherstad,Maryland,CONGO
153,Diana Pham,michellewilson@williams-carr.net,(037)218-6003x20319,Pierceshire,South Carolina,NETHERLANDS ANTILLES
154,Amber Davis,maysjason@yahoo.com,317-197-8601,Hensonberg,Wisconsin,WALLIS AND FUTUNA
155,Mike Levine,corey47@murphy.com,375-358-2107,New Allison,New Hampshire,MALDIVES
156,Kaitlyn Chan,taylordougherty@simmons.net,972-239-9647,Hamptonside,Illinois,LIBYAN ARAB JAMAHIRIYA
157,Darrell West,yoderadam@yahoo.com,+1-085-578-0024,Jamesberg,Indiana,TURKEY
158,Cody Cordova,yrichards@morrison-hines.net,(746)706-7516x913,Heidiberg,Colorado,GIBRALTAR
159,Brian Russell,paulsmith@gmail.com,350.842.4319,New Derrick,Ohio,TIMOR-LESTE
160,Austin Johnson,rodgerscaroline@gmail.com,5302151675,Wolfefurt,Virginia,SOUTH AFRICA
161,Michael Walls,kyledavis@gmail.com,014-764-2789x61573,Manuelville,Florida,MAURITIUS
162,Susan Velez,andersonbrittany@hotmail.com,815.542.6097x2360,West Kristin,Nevada,SENEGAL
163,Wanda Ingram,cmcdonald@yahoo.com,710-730-8715,Trujillofort,Ohio,NORWAY
164,Karen Sharp,tuckerkurt@moreno.info,148-572-6029x2546,Zavalamouth,Idaho,MICRONESIA
165,Elizabeth Williams,aking@yahoo.com,+1-632-713-5386x7625,East Patricia,Nevada,SAINT HELENA
166,Karen Williams,zachary86@shelton.com,001-340-508-9273x96159,Pattersonview,Wyoming,ALGERIA
167,Michael Rojas,ebrown@hotmail.com,+1-775-542-6190x384,Port Henry,Indiana,TOKELAU
168,Ryan Gibson,brianthompson@thomas.info,(769)171-6204x298,Danielview,Oklahoma,IRAQ
169,Crystal Brooks,amoses@silva.com,2698014264,Pooleton,Nevada,MAURITIUS
170,Benjamin Marshall,lindamiller@griffin.com,+1-004-933-2672x44693,Port Lindseyburgh,Oregon,FIJI
171,Jessica Allen,susanjohnson@avila-nguyen.com,(599)851-9393,South Jaclyn,Wisconsin,LITHUANIA
172,Scott Moore,pwalker@evans.biz,2667652728,Michaelborough,Pennsylvania,LIECHTENSTEIN
173,Paul Willis,gsharp@graham.info,(602)080-1929x022,West Kimberlyport,Kansas,NICARAGUA
174,David Armstrong,glennmoore@wright.com,(351)025-5501,West Justin,Virginia,PITCAIRN ISLANDS
175,Courtney Sullivan,cindyfischer@gmail.com,243.629.6208,West Anneside,Tennessee,DJIBOUTI
176,Ronald Kramer,martinbethany@yahoo.com,001-596-599-9201x23763,South Steveshire,Mississippi,FIJI
177,Terrence Cruz,knightrachel@yahoo.com,+1-192-267-1317x536,South Melissa,Louisiana,LEBANON
178,Michael Romero,patrick20@hotmail.com,(173)009-9284x52403,Lake Daniel,Minnesota,PORTUGAL
179,Gary Smith,jason21@bowman.com,779.724.7925x42218,Lake Lori,South Dakota,SOUTH GEORGIA AND THE SOUTH SANDWICH ISLANDS
180,Melody Fernandez,jillcosta@ingram-webb.com,(769)333-2998x65159,East Matthewside,Texas,FRENCH GUIANA
181,Denise Stephenson,jill83@hotmail.com,+1-256-726-2084,Olsonshire,Wyoming,CHILE
182,Thomas Atkins,christopher96@gmail.com,+1-222-501-8256,Port Nicole,Maryland,KIRIBATI
183,Jason Chapman,debbiedavis@gmail.com,(341)499-2900,Fostermouth,Arizona,BURKINA FASO
184,Aaron Sellers,mccartymichael@gmail.com,(174)003-9101,East Nathan,Illinois,MARTINIQUE
185,Brandy Evans,millerbrittany@yahoo.com,0608277056,Ricardochester,Arkansas,LEBANON
186,Sheila Myers,alex95@ford.com,(176)231-3361x09441,Evansborough,Virginia,BOLIVIA
187,Donald Montoya,stevemarshall@jacobson.biz,001-063-494-2904x61755,New Andreatown,Colorado,SYRIAN ARAB REPUBLIC
188,Lisa Cunningham,heidi02@castro-griffin.com,001-417-234-5653x86947,East Michaelport,Wyoming,MARTINIQUE
189,Darin Wilkinson,chansen@watts-thompson.net,(410)095-3855x74216,Jimmyshire,Rhode Island,ANDORRA
190,Amanda Norman,greenronald@yahoo.com,614.378.8443x7066,New Karenstad,Nebraska,EQUATORIAL GUINEA
191,Sarah Anderson,richardmiddleton@gmail.com,(418)589-9002x772,North Kimberlyport,Michigan,ARMENIA
192,Marie Monroe,robertsjoel@yahoo.com,001-605-033-7469x83306,Newmanborough,Alaska,SVALBARD & JAN MAYEN ISLANDS
193,Michael Clay,isaacwhite@barron-alvarez.org,+1-419-087-8865x3859,South Thomasborough,Oregon,ISRAEL
194,Michael Jackson,ujohnson@hotmail.com,049-221-7048x61867,South Peterburgh,Arkansas,SERBIA
195,Phillip Lane,zlee@perkins.org,982-718-2653,South Christopher,West Virginia,UNITED STATES VIRGIN ISLANDS
196,Kimberly Short,george94@gmail.com,3983135490,West Michaelshire,South Carolina,ITALY
197,Xavier George,lori73@richardson.net,(438)843-0217,South Thomastown,Missouri,NORFOLK ISLAND
198,Martin Alvarado,nicole89@garcia.com,001-928-150-3701x70926,Bradton,Indiana,ANTARCTICA (THE TERRITORY SOUTH OF 60 DEG S)
199,Kimberly Holmes,jmoore@martin.com,850-072-8895x9274,North Roberttown,Nevada,VIETNAM
200,Ashley Greene,jacksonthomas@yahoo.com,(080)820-3917,Lake Katherineburgh,Nebraska,CONGO
201,Sonya Ramirez,leah62@king.info,1204242536,New Christopherberg,Iowa,KUWAIT
202,Adam Arnold,tsullivan@gmail.com,967.024.3652,Bobbystad,Iowa,QATAR
203,Dawn Molina,kimberly40@gmail.com,(488)215-9773x8546,Hernandezborough,Florida,DJIBOUTI
204,James Roman,brenda25@hotmail.com,972-204-2986x2269,North Patrick,Montana,BARBADOS
205,Tiffany Carroll,jaimecooper@hotmail.com,001-929-983-3587,Hawkinsmouth,Virginia,LITHUANIA
206,Cody Hendricks,turnerjohn@hotmail.com,(084)931-5398,Port Carol,Georgia,BRUNEI DARUSSALAM
207,Allen Prince,brandon76@gmail.com,+1-143-049-1341x038,Morrisside,New Mexico,BULGARIA
208,Louis Graham,vphillips@hotmail.com,001-240-592-0823x530,Holderchester,Rhode Island,WESTERN SAHARA
209,Lisa Green,rosecarroll@hotmail.com,5682017530,Gilbertchester,Connecticut,VIETNAM
210,Laura Spence,melissa04@pope.info,125-313-7956x100,Henryborough,Tennessee,CHILE
211,William Bailey,kmiller@white.org,001-991-938-7337x0342,Melissaport,Louisiana,TANZANIA
212,Joshua Smith,creynolds@hotmail.com,+1-623-510-7651,Port Thomaston,Vermont,MICRONESIA
213,Vanessa Davis,michellewatkins@adams.com,091-858-0558x115,Greenfurt,Texas,HAITI
214,Melvin Weeks,anicholson@mitchell.com,4541840398,East Christopher,Ohio,ANGUILLA
215,Leah Long,allennathan@spencer.com,+1-788-026-5295x16469,Port James,Kansas,GUAM
216,Bonnie Brown,bevans@velez.biz,089.870.9201x9918,Michelleland,Colorado,COOK ISLANDS
217,Susan Cochran,davisamanda@hotmail.com,805-263-2119x60472,North Lawrence,Rhode Island,UNITED KINGDOM
218,Adam Woods,jennifer47@hotmail.com,001-082-317-1461x995,New Joseph,New York,SPAIN
219,Jason Salas,markblake@livingston-cox.com,(618)402-5787,East Rebeccahaven,Montana,AUSTRALIA
220,Robert Long,bfoster@watson.net,+1-164-098-9103x9091,North Linda,Kansas,NORTHERN MARIANA ISLANDS
221,Jacob Johnson,eric37@yahoo.com,001-795-319-2600,Williamsmouth,Minnesota,UNITED STATES VIRGIN ISLANDS
222,Katherine Phillips,lisa92@gmail.com,489-445-3811x80818,Baileystad,North Dakota,CROATIA
223,Ryan Campbell,kbaird@gmail.com,+1-521-797-0566x036,Port Robertberg,Maryland,MAURITANIA
224,Jermaine Phillips,zwinters@anderson.com,(850)153-0173x167,West Rodneystad,North Dakota,KAZAKHSTAN
225,Jacqueline White,clarkbrittany@yahoo.com,940.645.3157x905,Martinezland,Wisconsin,NORWAY
226,Mandy Schmidt,melanie69@gmail.com,(561)833-5974x87680,Gloriaton,Wyoming,COLOMBIA
227,Wendy Benson,weaverjohn@gmail.com,+1-192-209-5673x3329,Lewisberg,Indiana,MONACO
228,Mrs. Deanna Lopez DDS,john26@bennett-villarreal.com,277-392-3852x023,North Barbara,Kentucky,PORTUGAL
229,Ana Jensen MD,kelly34@keller-jacobs.net,(907)551-5452,Brownmouth,Massachusetts,JORDAN
230,Lisa Jones,johnsonjennifer@kramer-rollins.com,+1-226-227-7773x31680,Moralesport,Washington,LESOTHO
231,Robert Smith,younglauren@yahoo.com,+1-529-842-4107x402,Nelsonchester,New Mexico,SLOVENIA
232,Katie Patterson,nathanhowe@yahoo.com,(003)638-5646,West Ashleyview,Massachusetts,NAURU
233,Mr. Brian Schaefer,megan91@yahoo.com,+1-860-995-5049x326,Phillipsberg,Florida,SAMOA
234,Kevin Barry,craighiggins@padilla.com,+1-159-485-3400x12762,East Lisa,North Dakota,ROMANIA
235,Teresa Evans,raymond78@vasquez.net,(237)887-0584,South Alexafurt,Vermont,BELARUS
236,Mrs. Miranda Johnston,vtorres@hotmail.com,+1-846-058-6794x963,North Melissa,New Hampshire,CAPE VERDE
237,Robert Williams,robertcruz@smith.com,(578)645-7865x557,Coryburgh,Kentucky,LATVIA
238,Aaron Williams,abigail68@gmail.com,051-665-4512x2444,Port Williamfort,Maine,ALBANIA
239,Ryan Harris,xsmith@gmail.com,701-703-6309x44238,Brownton,Vermont,GRENADA
240,Kimberly Fitzgerald,birdkimberly@francis-lewis.org,9619797972,Matthewberg,Oklahoma,ETHIOPIA
241,Jack Lynch,louis07@gomez.info,809-573-9405x9802,Smithview,Louisiana,CAMEROON
242,Rhonda Williams,gomezalyssa@cook.org,7342031977,Mitchellchester,New Jersey,GUYANA
243,Tina Wilson,palmerronald@yahoo.com,+1-823-088-2958x68419,Moorebury,Hawaii,UGANDA
244,Norman Ward,gabriel67@yahoo.com,317.306.6293x15181,Fernandezberg,Maine,SLOVAKIA (SLOVAK REPUBLIC)
245,James Cox,robert89@gmail.com,(232)723-7179x89022,South Erin,Oregon,AZERBAIJAN
246,Robert Hines,madison87@gmail.com,+1-847-795-4176x75539,Port Natalieside,Ohio,NIGER
247,Sarah Curry,gomezcalvin@yahoo.com,+1-089-458-9626x838,Andreamouth,Nebraska,COSTA RICA
248,Shannon Chung,pmiller@hotmail.com,(121)905-1881x2988,Booneville,North Carolina,SEYCHELLES
249,Robert Banks,sextonpaul@hotmail.com,1079237298,South Angela,Iowa,CZECH REPUBLIC
250,Michael Bates,catherine70@gmail.com,001-506-757-8968x335,Hannahtown,New York,KENYA
251,Brian Jackson,morrismatthew@maldonado.info,+1-052-187-9938x44404,Tinaside,Indiana,BOSNIA AND HERZEGOVINA
252,Emily Parker,curtisjacqueline@gmail.com,503.687.1568,Lake Benjaminmouth,New Hampshire,NICARAGUA
253,Anthony Khan,linda45@hunt-baker.info,001-403-664-0163,New Luis,Indiana,SENEGAL
254,Mr. Sean Kelly DVM,kmccarthy@hotmail.com,001-273-186-8302x915,Sandraport,Tennessee,CENTRAL AFRICAN REPUBLIC
255,Cristina Thompson MD,piercecourtney@yahoo.com,+1-396-607-3446,Fletcherfurt,Idaho,SAINT LUCIA
256,Patrick Armstrong,dorseytony@hotmail.com,+1-161-705-0221x816,Lake Maryport,Connecticut,DENMARK
257,Elizabeth Hill,dhale@hotmail.com,001-483-774-0292,Robertsbury,Illinois,SIERRA LEONE
258,Robin Coleman,andrewsdebbie@yahoo.com,001-218-366-7719x666,Cisnerostown,Florida,GERMANY
259,Suzanne Ramirez,lauramassey@frazier.com,+1-980-137-6836x759,North Thomasmouth,South Carolina,BARBADOS
260,Mark Hill,hillanthony@gmail.com,351.746.5642,Liville,Oklahoma,HUNGARY
261,Paul Gray,jill69@rogers.com,764.149.0038x5025,Bryanborough,Louisiana,SLOVAKIA (SLOVAK REPUBLIC)
262,Michael Golden,itaylor@hotmail.com,904.733.1454,Simonland,Mississippi,POLAND
263,Mr. Craig Howard,heather97@holmes.com,(040)954-3776,Davisborough,Arkansas,QATAR
264,Jacqueline Williams,fhanna@harris-miller.com,436-786-2107,New Stephenton,South Carolina,PARAGUAY
265,Joseph Henderson,kathleen06@kelley.biz,001-331-542-3060,East Jamesburgh,North Carolina,JERSEY
266,Vanessa Vazquez,leonardruth@gmail.com,(411)420-6670,West Charlesmouth,West Virginia,MYANMAR
267,Alicia Bird,norozco@hotmail.com,222.240.0539x22205,Taylortown,Connecticut,PANAMA
268,Nina Jefferson,jonathanparker@johnston.com,+1-252-861-3239x4564,Davidport,Idaho,MACAO
269,Raymond Evans,lmcguire@yahoo.com,001-866-342-0953,Christensenfort,South Dakota,UNITED KINGDOM
270,Dana Stanley,christygreer@yahoo.com,(152)665-5914x7625,Port Danielle,Arkansas,NICARAGUA
271,Jennifer Garcia,jeffrey69@hotmail.com,(247)466-5353x896,Port Cynthia,Wyoming,MONTSERRAT
272,Gina Wright,nataliemann@yahoo.com,924.157.1276x3835,Jasonport,Nebraska,MAYOTTE
273,Paul Sanchez,zglover@ryan.com,+1-981-615-3811x683,Davisbury,Alaska,LUXEMBOURG
274,Kara Gray,kimberlymejia@gmail.com,896-780-8264x931,North Tiffany,Montana,SLOVENIA
275,Randy Logan,pwhite@yahoo.com,(926)456-3391,Taylorshire,Pennsylvania,NIUE
276,Alexandra Foster,holderdaniel@hotmail.com,(649)719-6706x83353,North Danielfurt,Connecticut,CHILE
277,Raymond Johnson,ashleynelson@hotmail.com,1333443767,Lake Joshua,Connecticut,FINLAND
278,Justin Robles,chandlerstephanie@yahoo.com,930.148.1160x4991,North Melindaburgh,Arizona,CANADA
279,Sandra Butler,powellamy@gmail.com,001-199-034-2134x8548,Pamelaton,Indiana,GHANA
280,Jeffery Dominguez,lhood@harris.biz,1571171321,Saratown,Florida,GABON
281,Maureen Smith,christopher28@rosales-evans.com,193.678.5764x6391,New Kristina,Colorado,ARGENTINA
282,Kathryn Mendez,kmartinez@jackson-may.com,(401)315-3506x962,Jonesside,Kentucky,SURINAME
283,Christopher Morris,patricia02@hotmail.com,(471)798-9948x856,Munozhaven,Oregon,ZAMBIA
284,Veronica Johnson,ryan56@diaz.com,(271)726-6256,Anthonyfurt,Alabama,LEBANON
285,Andrew Carter,combsadam@yahoo.com,624.087.1006x68904,South Derekberg,Alabama,LATVIA
286,Corey Cortez,molly22@thomas.com,(824)084-7528,West Zoe,Pennsylvania,NAURU
287,Aaron Davis,hjacobs@gmail.com,(113)505-3572x289,Port Adrian,Nevada,FRENCH GUIANA
288,Michael Ortega,georgesteven@gmail.com,2801041945,West Chris,Michigan,TUNISIA
289,Rachel Dixon,keith86@roberts-stephenson.com,+1-021-889-3063,Tylerside,Tennessee,RUSSIAN FEDERATION
290,Megan Perez,connorholloway@swanson.com,001-699-055-8557x5994,New Katherineburgh,Oregon,UKRAINE
291,Sandra Morrison,norrismichael@gmail.com,986.061.0656x73374,Scottton,Colorado,IRAN
292,Jeremy Davis,ebeck@matthews-arnold.com,(308)437-6992x964,Kevinfort,Idaho,GIBRALTAR
293,Robin Schmidt,juliesantana@lewis.com,001-041-724-1553x69158,Leslieport,Pennsylvania,VANUATU
294,Christopher Porter,martinfranklin@yahoo.com,3332959452,Port Christopher,South Dakota,MARTINIQUE
295,Brenda Hughes,andrew29@long-conway.org,+1-172-174-2922x041,Marshallburgh,Delaware,GUINEA-BISSAU
296,Leslie Yoder,thomasmooney@gmail.com,(325)031-3928x0485,East Edwardchester,Connecticut,PARAGUAY
297,Ashley Allen,nathanielperez@freeman.com,(956)162-2564,Brownstad,Minnesota,NEPAL
298,Nicholas Riley,aaronbauer@acosta-madden.com,001-316-778-1456x4743,Smithville,South Carolina,FRENCH POLYNESIA
299,Heather Byrd,santiagoterri@costa-dawson.com,5276120928,Port Isabellamouth,New Mexico,MAYOTTE
300,Matthew Robles,davidjones@myers.net,+1-706-763-5322x37185,North Misty,Missouri,SVALBARD & JAN MAYEN ISLANDS
301,Michelle Holland,fwalker@gmail.com,429-430-0037,Kendrabury,Oregon,SAO TOME AND PRINCIPE
302,Susan Hernandez,clarkjordan@greene-sims.biz,(932)784-1783x7659,West Paulahaven,Florida,ARMENIA
303,Richard Contreras,klara@patterson.com,(127)245-5337x565,Austinchester,Kentucky,MALTA
304,Edward Simmons,lisa94@richardson.com,069-296-5685x12062,Liufort,Idaho,NAURU
305,Nancy Park,jonathanwiley@gmail.com,291-465-0223,Patriciamouth,Oklahoma,TOGO
306,Sarah Barnett,renee79@hodge-taylor.com,407.033.9821x47823,South Deanna,Georgia,PUERTO RICO
307,Keith Warner,robbinsralph@yahoo.com,001-706-363-2863x01122,Port Stacyton,Washington,PHILIPPINES
308,Kathy Adams,kerri83@gmail.com,001-367-960-8289x67136,Port Matthewview,Rhode Island,UNITED STATES VIRGIN ISLANDS
309,Jeffrey Moon,hartmitchell@ramirez-espinoza.com,324-951-9350,North Danielmouth,Maine,INDIA
310,Gregory Lam,robinsonalexandria@ray.com,104-043-1566x851,Port Mark,North Dakota,NORFOLK ISLAND
311,Denise Brewer,stephen58@gmail.com,090.168.5647,South Marymouth,Oklahoma,ESTONIA
312,Victor Franklin,qtyler@sullivan.net,001-837-161-1586x686,North Ashleyfort,Missouri,KAZAKHSTAN
313,Noah Boyd,robertalvarez@ball.com,+1-353-458-1956,Scottberg,Ohio,HEARD ISLAND AND MCDONALD ISLANDS
314,Trevor Archer,erik62@mcdonald.info,801-584-6687x93030,Port Zachary,Indiana,CAYMAN ISLANDS
315,Julia Mendoza,zwatkins@hotmail.com,451.502.5285,Ronaldbury,Alabama,SPAIN
316,Sabrina Pugh,umartinez@fowler.net,001-277-771-1842x527,Gonzalezton,Alabama,KENYA
317,Brianna Williams,donald44@robinson-byrd.com,(777)196-1997x165,Baileyfurt,Montana,SIERRA LEONE
318,Edward Lawson,jamesmaxwell@gmail.com,9522426537,Lake Ian,Colorado,MOROCCO
319,David Riggs,ssmith@mendoza-sanchez.com,001-157-911-5010x16260,New Antoniofurt,Minnesota,MOLDOVA
320,Christine Green,carla83@gmail.com,488-357-1921x49679,Port Johnnybury,Virginia,MACEDONIA
321,Victoria Hughes,lisajohnson@gmail.com,726-652-8246,Josephshire,Hawaii,SAINT HELENA
322,Mr. Aaron Cochran DDS,payneelizabeth@torres.biz,5190854327,South Stephanieborough,Washington,AZERBAIJAN
323,Melissa Gonzalez,rachel36@marquez.com,000-908-9931,Meyertown,Maryland,TIMOR-LESTE
324,Tracy Thompson,holly41@stephens-harding.com,+1-093-043-7661x366,New Sabrina,Alaska,MALAWI
325,Angela Mercer,baileytracey@hotmail.com,747-053-1105x8330,Crawfordborough,Rhode Island,KIRIBATI
326,Donna Taylor,donald69@wells.com,+1-016-767-1877x6288,South Sara,Nevada,MAURITIUS
327,Mary Howard,ykoch@martin.com,(666)788-0937,Millerfurt,Massachusetts,CHILE
328,Thomas Guzman,lcarter@stokes.net,255-977-7265,Jamestown,Oklahoma,TAIWAN
329,Justin Moyer,anthony14@mejia.biz,789-391-2956x51887,Lake Dannyport,North Dakota,JAPAN
330,Shane Ward,higginsisaiah@wheeler-little.net,875.703.0293x011,West Cynthia,California,NORWAY
331,Sara Johnson,ashleycosta@yahoo.com,+1-952-223-3693x18062,North Kimberlyfort,South Dakota,CONGO
332,Chad Green,bcurtis@green.info,(374)057-1446x956,Scottfurt,Ohio,UNITED KINGDOM
333,Daniel Brewer III,jonathanramsey@yahoo.com,(688)658-3483x4835,Sotochester,New York,CUBA
334,James Evans,ericvalencia@yahoo.com,587.089.4326x9834,Johnchester,Rhode Island,PORTUGAL
335,Joseph Kelly,lauren50@hotmail.com,(846)720-0734,Port Carrie,Illinois,MONGOLIA
336,John Perez,megangarza@yahoo.com,+1-503-801-6258x5150,Lake Heidi,Alabama,FRENCH SOUTHERN TERRITORIES
337,Allison Lopez DDS,matthewdyer@gmail.com,943.379.5311x123,Barbaraview,Hawaii,IRAN
338,Stephen Montoya,ypittman@drake.com,001-085-738-3855x451,Crystalchester,Arizona,SOUTH GEORGIA AND THE SOUTH SANDWICH ISLANDS
339,Susan Miller,clayton74@poole-edwards.com,001-706-272-8167x337,Paulberg,Colorado,PAPUA NEW GUINEA
340,John Richmond,gscott@mullins.net,818-762-0990x693,New Marisabury,Alaska,SOMALIA
341,Tammy Harper,dgarner@rogers-joseph.org,001-822-673-1234,Port Kimberly,Oklahoma,MALTA
342,Elizabeth Cooper,debra02@franklin-allen.com,(028)231-3427x557,Owensland,Delaware,SAINT BARTHELEMY
343,Kevin Goodman,paulaboyd@hotmail.com,436.953.1029,Webbville,Massachusetts,ANDORRA
344,Michael Wilson,petercasey@yahoo.com,732-816-2910,Perezberg,Hawaii,BOLIVIA
345,Danielle Bradley,scott76@wilson-johnson.com,001-877-074-5991,Michelleton,Kentucky,FALKLAND ISLANDS (MALVINAS)
346,Adam Mcneil,kimberlybennett@sanchez.com,001-450-295-8676x0304,New Kimberlyborough,Louisiana,IRELAND
347,Judy Bailey,johncoleman@davis.net,+1-272-105-1334x60184,East Aaron,Kansas,MARTINIQUE
348,Caroline Flynn,wisejody@simon.net,636-038-9173,Burkemouth,West Virginia,MADAGASCAR
349,Elizabeth Tucker,brandonjohnson@gmail.com,410-707-1634,Monicatown,Tennessee,PARAGUAY
350,Lisa Garcia,xsmith@hubbard.com,+1-445-456-9729x655,Carsonburgh,New Jersey,JAPAN
351,Mr. Jeremy Cohen Jr.,meghanallen@yahoo.com,(126)678-3055x7371,New Meghan,North Dakota,LESOTHO
352,Samantha Williams,gracepennington@contreras-ali.com,662-763-3041x1761,Grantville,Mississippi,COLOMBIA
353,Darrell Burke,paigeperry@yahoo.com,4656896987,East Nicholasside,Wyoming,DJIBOUTI
354,Donald Robinson,sdaniel@cannon.com,001-291-270-6593x4104,South Juliaberg,Pennsylvania,BHUTAN
355,Jesse Anderson,timothy83@miller.info,001-960-757-8984x974,Weberton,Massachusetts,CENTRAL AFRICAN REPUBLIC
356,Brandy Henry,amy65@kelly-rojas.net,+1-810-617-3563x163,East Candacestad,Minnesota,KIRIBATI
357,Natasha Mullins,mcarlson@robinson-sloan.net,193-899-9068,Lake Brandon,Wisconsin,COTE D'IVOIRE
358,Alexandria Jones,jacob21@yahoo.com,361.317.9854,Port Melanieport,Vermont,NETHERLANDS ANTILLES
359,Dana Chambers,nathan58@gmail.com,639-981-2743x92255,South Lindseyland,Rhode Island,REUNION
360,Erica Gilmore,marilyn62@fuentes.com,(018)639-9454x1384,Jesusmouth,Missouri,CUBA
361,Lindsey Smith,vboyd@yahoo.com,001-909-645-9872x40899,Lake Daniel,New Mexico,NORFOLK ISLAND
362,Chelsea Curtis,emorales@wiley.org,367.072.1734x0242,Lake George,Louisiana,BHUTAN
363,Kelly Conner,jenkinsrita@quinn.com,018-144-4248x4202,Johnstad,Alabama,QATAR
364,Jessica Bell,barnettzachary@brown.com,+1-941-475-3989x137,West Larryberg,Maryland,TAIWAN
365,Brandon Schultz,pauljones@johnson.com,(594)299-2023x7666,Greeneburgh,Oregon,GUATEMALA
366,Joshua Davis,davenportcolleen@hotmail.com,001-390-934-2424x06628,West Robert,Illinois,SRI LANKA
367,Joseph Munoz,jason51@rose.com,654.243.8269x28550,Adamsmouth,Alaska,MONTSERRAT
368,Carla Malone,natasha70@gmail.com,001-696-453-5917,Murphyview,New Jersey,BRITISH VIRGIN ISLANDS
369,Kelly Smith,derek87@gmail.com,496-686-6798x994,Smithville,New Jersey,REUNION
370,Maria Brennan,millerjose@yahoo.com,103-847-1567,Robertmouth,Alabama,PALAU
371,Joshua Wagner,cruzeileen@hart-cummings.com,435.969.8504,Katherinetown,Tennessee,GRENADA
372,Jennifer Zimmerman,ccooper@summers.com,(861)789-2571,Susanberg,Michigan,AZERBAIJAN
373,Miss Cynthia Morris,wgarner@yahoo.com,816-384-9368x0635,Jeffreyland,Alaska,SIERRA LEONE
374,Phillip Gonzales,christopher93@gmail.com,001-485-277-5867x03656,North Sierra,West Virginia,JAMAICA
375,Eric Campbell,mromero@yahoo.com,001-331-812-3357x6170,Andradeville,New Hampshire,GABON
376,Hunter Murray,emmazamora@yahoo.com,678.508.9897,Bakerfort,Wyoming,TOGO
377,Dominic Mitchell,mary52@gomez.com,3767687404,North Susan,New Mexico,ITALY
378,Bobby Carlson,kennethjones@yahoo.com,001-330-990-0094x06565,East Julie,Washington,ESTONIA
379,Joseph Benjamin,vdiaz@gmail.com,266.000.4709,North Brianbury,Maryland,MOZAMBIQUE
380,Mary Summers MD,victoria18@gmail.com,+1-583-746-6144x77618,Dixontown,Louisiana,SAINT HELENA
381,Kevin Ross,jeansmith@yahoo.com,001-256-599-5089x142,Lake Jesse,Washington,COCOS (KEELING) ISLANDS
382,Charlene Henderson,stewartmary@hotmail.com,986.221.4051,North Amanda,Missouri,ANTIGUA AND BARBUDA
383,Eric Dillon,kingjessica@morgan.com,(035)944-1023,Brewerstad,Colorado,MARTINIQUE
384,Melanie Fischer,fcollins@yahoo.com,131-351-8302x5853,Rachelchester,Wyoming,GHANA
385,Angela Clark,heatherburns@hotmail.com,599-098-4128x65581,Murrayburgh,Indiana,MARTINIQUE
386,Scott Matthews,kelleyjennifer@gmail.com,001-038-146-3429x2421,Audreybury,Wisconsin,TANZANIA
387,Kevin Bradshaw,robertsoneric@phillips.com,001-613-315-5530x1530,North Lindsey,Maine,ALGERIA
388,Joseph Powers,jensenpamela@ward-dunn.com,766-345-4182x99126,Matthewton,Nebraska,GAMBIA
389,Taylor Lowery,barnesdaniel@goodman.org,008-224-2168,South Madison,Florida,CANADA
390,Mackenzie Porter,debrajames@hotmail.com,001-620-834-7910,West Ashleyberg,Texas,SOUTH GEORGIA AND THE SOUTH SANDWICH ISLANDS
391,Tammy Valentine,ianderson@hotmail.com,+1-703-220-0748x5972,Lindaside,New Jersey,WALLIS AND FUTUNA
392,Leonard Davis,rachelshepherd@yahoo.com,+1-802-860-6048x02240,Loganport,New Mexico,ESTONIA
393,Robert Schwartz,robbinsandrew@gmail.com,+1-898-566-4301x6556,East Zachary,New York,MALTA
394,Kayla Luna,ronald99@gmail.com,360-622-9011,New Patrick,Louisiana,LIBERIA
395,Destiny Mullins,lewisallen@martinez-le.com,953.829.4419x14790,Jesusmouth,Florida,MOLDOVA
396,Ian Davis,dlewis@hotmail.com,326-708-4886x86562,West Kim,Texas,MARSHALL ISLANDS
397,Shelia Moore,wolfdaniel@moore.com,6885684676,Shawfurt,Louisiana,GIBRALTAR
398,Colleen Beltran,mariah75@gmail.com,353-175-5592,Hillmouth,Louisiana,BENIN
399,Amy Fields,roymorris@gmail.com,001-199-764-5349x6551,Kimberlychester,Maryland,TUVALU
400,Jamie Moreno,savannahsmith@gmail.com,001-358-201-6301,Barbaraberg,Idaho,UZBEKISTAN
401,Cameron Campbell,kelsey92@james-tran.org,+1-846-018-0403x3480,Port Melissabury,New Hampshire,SAN MARINO
402,Robert Rose,wgarcia@yahoo.com,460-539-2609x674,Schultzberg,New York,BURKINA FASO
403,Gary Harris,rodriguezhannah@hotmail.com,567.285.0215x53830,Gibsonmouth,Oklahoma,BURUNDI
404,Christopher White,sherriwood@yahoo.com,+1-844-607-8907x5199,New Williammouth,New Mexico,HOLY SEE (VATICAN CITY STATE)
405,Christian Byrd,cody49@gmail.com,316-498-2838x59747,Hamiltonfurt,Wyoming,GHANA
406,Amanda Smith,jessica43@hotmail.com,368-771-5692x2094,South Richardbury,Maryland,TONGA
407,Daniel Wheeler,mcknightelizabeth@gmail.com,547-734-9431,Heatherfort,Florida,CHINA
408,Jacob Hayden,oscott@yahoo.com,741-685-5739x523,New Michael,Mississippi,GUERNSEY
409,Sandra Craig,tburgess@yahoo.com,(816)602-8413x623,Lake Jill,South Dakota,GABON
410,Eric Marshall,croman@hotmail.com,001-147-973-4185x595,New Jenniferfort,Maine,HOLY SEE (VATICAN CITY STATE)
411,Jennifer Martinez,charlotteprice@miller.org,+1-001-706-7949x07869,New Larry,Utah,BOLIVIA
412,Michael Rodriguez,elizabethtownsend@hotmail.com,(763)536-7355x89607,South Davidside,Ohio,CROATIA
413,Bradley Lewis,mullinscheryl@gmail.com,309-742-7493x663,Timothyshire,Nebraska,KENYA
414,Stacey Sampson,gonzalezkatrina@hotmail.com,0735658260,Port Matthew,Texas,ISRAEL
415,Nicholas Pacheco,thomaswilliam@hotmail.com,(691)122-3214x2526,North Brendaside,Oregon,SRI LANKA
416,Sarah Patrick,wdavila@yahoo.com,446.532.5544x118,Port Kelseyside,Texas,THAILAND
417,Melissa Miller,blopez@hotmail.com,203-881-9376x84184,Crosbyview,Missouri,PARAGUAY
418,Alexis Jones,johnadams@lam.com,283.603.0876x477,Lake Ashleychester,Texas,PAPUA NEW GUINEA
419,Mr. Joshua Rowe,joybrooks@yahoo.com,(716)217-2048x88680,Dakotafurt,Oregon,CYPRUS
420,Stephen Lambert,destiny64@hotmail.com,(741)991-6053x90649,New Jenniferfort,Tennessee,AMERICAN SAMOA
421,Carlos Olsen,hfleming@jones.com,682.967.0742,West Sandraland,Rhode Island,EGYPT
422,Jennifer Taylor,richardsmith@gmail.com,690-887-5480,Port Megan,Rhode Island,DJIBOUTI
423,Wyatt Gardner,faithhowell@gmail.com,6573517454,Berrystad,Delaware,ANGUILLA
424,Morgan Torres,rhondasanchez@duncan.net,+1-979-903-5971x7717,East Antoniochester,North Carolina,KOREA
425,Stephanie Turner,renee60@davis-myers.net,895.337.6841,Gallagherfurt,New Jersey,KYRGYZ REPUBLIC
426,Jessica Brown,jeffrey59@hotmail.com,317.303.3249x675,Kempview,Michigan,BRAZIL
427,Elizabeth Campbell,jaclyn73@weaver.biz,5427079959,Leahchester,Delaware,BOSNIA AND HERZEGOVINA
428,John Kaiser,cparker@yahoo.com,565-728-9722x6934,Josephtown,Wisconsin,COSTA RICA
429,Lisa Scott,judith06@yahoo.com,001-992-613-8268x7097,Zamoramouth,Rhode Island,HOLY SEE (VATICAN CITY STATE)
430,Peter Harris,nicholascrawford@hotmail.com,(711)073-5128,Jacksonton,Nebraska,MAURITANIA
431,Marissa Jackson,jessecohen@williams.com,+1-934-460-6069x430,Salazarberg,Illinois,GUAM
432,Spencer Morris,christopher85@olson.com,(448)854-8753x1198,West Garrettstad,Maryland,UNITED KINGDOM
433,Robert Nguyen,twolf@gmail.com,(507)868-8786x020,Lake Brittany,Florida,CHILE
434,Stephen Stark,howelljennifer@castro-brandt.com,001-928-798-7287,Port Lauren,California,EL SALVADOR
435,Renee Bradley,barbarawilson@hotmail.com,001-644-160-3328,South Adammouth,Colorado,REUNION
436,Joseph Collins,sheilathomas@cross.com,754-541-6487,Lake Michelle,California,AZERBAIJAN
437,Debra Perry,debra01@yahoo.com,(697)442-0360,Nicholsmouth,Maine,SAINT PIERRE AND MIQUELON
438,Teresa Lopez,william72@barker.biz,+1-060-145-7923,South Todd,Louisiana,SAINT VINCENT AND THE GRENADINES
439,Gloria Padilla,davisbradley@gmail.com,001-679-720-9251,North David,Oklahoma,CAPE VERDE
440,Michelle Martinez,taracole@guerra.com,001-795-829-1585x51163,Millerburgh,Alaska,UNITED KINGDOM
441,Felicia Mayer,cooleysylvia@gmail.com,873-962-6259x1883,East Kevinshire,New Mexico,SAINT LUCIA
442,Peter Brewer,wjackson@yahoo.com,343-549-7872x9657,West Rebeccaport,Iowa,UGANDA
443,Megan Williams,hinesjeremy@holland.info,001-600-094-0916,Timothyfort,Nebraska,BRUNEI DARUSSALAM
444,Christopher Reyes,michaelwheeler@walker.com,9140152731,Port Steveburgh,Montana,GEORGIA
445,Deanna Choi,yduncan@gmail.com,1842933598,Shaneport,Hawaii,CAYMAN ISLANDS
446,Marcia Flowers,scohen@yahoo.com,153.902.2624x7365,North Jenniferberg,Rhode Island,MONACO
447,Andrew Mata,dturner@jones-pittman.com,278-735-5404x2316,Georgeton,West Virginia,JERSEY
448,Jack Roy,kevinhall@ross.com,001-925-287-8357x3381,East Andrew,New Mexico,DJIBOUTI
449,David Villanueva,whitejerry@garcia-white.com,001-740-985-3720x33505,South Brandonbury,Florida,GREECE
450,Allen Erickson,mark70@hotmail.com,042-245-6411x992,Lisaland,Florida,GIBRALTAR
451,Robert Johnson,willismegan@hotmail.com,(053)494-1971x575,Tylerville,Montana,JERSEY
452,Carrie Robertson,robert06@mcgee.com,+1-856-352-0076x15042,West Catherinefurt,North Carolina,SUDAN
453,Matthew Larson,torresgina@hotmail.com,(080)901-0146x10392,Guerrahaven,North Carolina,MICRONESIA
454,Kirk Johnson,cruzjohn@hotmail.com,687-851-8569,West Courtneyshire,Missouri,GRENADA
455,Olivia Herrera MD,alexandriasmith@gmail.com,001-720-814-7237x356,Andrewhaven,Iowa,SAINT LUCIA
456,Priscilla Chung,mackcassandra@wolf.com,454-983-6714,Castilloshire,Arizona,WESTERN SAHARA
457,Joseph Cummings,carlos85@yahoo.com,164-560-5956,West John,Wisconsin,BENIN
458,Sydney Rios,allenjohnson@moreno-ali.biz,337-773-0316x78719,Port Robert,Mississippi,FINLAND
459,Megan Smith,josebrown@moses-roberts.com,0549080998,New Melanie,Montana,NIUE
460,Joseph Mendoza,ndavis@gmail.com,438.300.0914,West Eric,Maryland,NICARAGUA
461,Victoria Vasquez,kimashley@hotmail.com,(546)628-9735x18962,West Eric,Wyoming,GREECE
462,Amy Martin,andersonpeggy@williams-reyes.info,125.158.9041x828,West Chadfurt,Nevada,ARUBA
463,Rebecca Horn,tonytran@tucker-mendez.org,+1-636-152-7695,Kevinberg,Alabama,CAMEROON
464,William Benson,amanda63@jones.com,503-118-0266x9141,Lake Audrey,Alabama,HUNGARY
465,Dennis Arias,rivaslisa@martinez.org,(476)883-4103,Christianland,Illinois,SAUDI ARABIA
466,Brian Acevedo,alec51@padilla.info,001-044-708-5609,Laurafurt,New Jersey,BOLIVIA
467,Robert Ellis,johnsondan@hines-price.com,227.579.4074x0337,Jonathanshire,South Carolina,URUGUAY
468,Joanna Munoz,charleneerickson@adkins-duarte.com,264-106-0326,Bellland,Vermont,OMAN
469,Hannah Schaefer,christophercopeland@gmail.com,8965461253,Johnsonport,Alaska,BAHAMAS
470,Dylan Meyer,nancy69@hotmail.com,001-484-817-0361,North Sandramouth,New Jersey,ALBANIA
471,Jill Herring,tedwards@gonzalez.com,811.171.9600x490,North Joseph,Maine,BENIN
472,Rhonda Cook,oramirez@gmail.com,+1-849-655-2391x70335,North Nancy,Wisconsin,AZERBAIJAN
473,Michael Richards,wsims@ball.com,001-977-317-3946x2487,East Laura,Oklahoma,SWAZILAND
474,Joseph Hodge,michellehopkins@tran-beck.com,001-134-931-7967x060,Michaelville,New Mexico,TUNISIA
475,Francisco Lawson,pricematthew@terry-matthews.org,546.463.9897,North Sheilamouth,Mississippi,LIBYAN ARAB JAMAHIRIYA
476,Shane Greene,doris71@weaver.org,(552)905-0926,North Brandonland,Delaware,PAPUA NEW GUINEA
477,Amy Meyers,perrymeghan@yahoo.com,844.981.2130,Lake Jodihaven,Florida,PALAU
478,Kiara Turner,duranglenda@hotmail.com,+1-672-331-0448,South Ericamouth,South Dakota,ECUADOR
479,Jennifer Santana,jenny19@gmail.com,(188)220-6318,Shortville,New Mexico,HUNGARY
480,Mark Proctor,moorerobert@vaughn.org,683.599.1676,Alexisbury,Georgia,CZECH REPUBLIC
481,Mary Marquez,tiffanytaylor@hernandez.info,269-379-4999,Meganburgh,Idaho,GERMANY
482,Lucas Gill,gabriela43@hotmail.com,+1-686-811-1433x0640,West Annafort,Colorado,TAJIKISTAN
483,Michael Wheeler,khale@schmidt-hickman.com,(591)204-6372,South Gregoryfurt,Montana,SAINT KITTS AND NEVIS
484,Charles Nguyen,nicholsadam@hotmail.com,599-977-3793x95795,Carlosberg,Kentucky,SAINT HELENA
485,Michael Jones,vanessarichmond@yahoo.com,3862567611,West Stacy,Maine,SAINT LUCIA
486,Christine Johnson,wardstephanie@paul.com,001-248-287-3210,Vegahaven,North Dakota,COOK ISLANDS
487,Mark Perez,kathryn48@yahoo.com,(207)201-9708,Devinfort,Kentucky,SWITZERLAND
488,Jessica Moran,ngill@hotmail.com,(512)955-5100x5108,New Kevinside,Wyoming,EQUATORIAL GUINEA
489,Betty Wiley,smithrobert@taylor-allen.com,(830)342-4375,New Danny,Nevada,SEYCHELLES
490,Sarah Castro,ofletcher@henderson.org,(874)033-0454x4106,South Petershire,New Jersey,ALBANIA
491,Joshua Roberts,garciajessica@gmail.com,642.962.8092x4115,West Lisachester,South Carolina,MONTENEGRO
492,Jennifer Simon,riverafrancisco@watson-wolfe.com,(805)883-7743,Samanthaton,Vermont,THAILAND
493,Kathleen Sullivan,caitlinwilliams@gmail.com,152-558-6277,South Billy,Colorado,KENYA
494,Kevin Montes,rebekah58@smith.net,(142)293-5545x92055,Ramosmouth,New York,NEPAL
495,Sarah Rodriguez,zmayo@walker.info,(274)511-6089x58970,West Donnaburgh,Idaho,BRAZIL
496,Christina Fletcher,smithwillie@yahoo.com,612.898.9930x746,Lake Darrylbury,Washington,TAIWAN
497,Nicole Mendoza,vgarcia@long.com,878.852.8589,Huntville,Ohio,SIERRA LEONE
498,Patty Costa,dhorton@hotmail.com,001-007-379-4999,Kimberlymouth,New Jersey,POLAND
499,Mary Kane,daniel07@yahoo.com,001-262-654-3475,Lake Peterview,Kansas,GUAM
500,Tamara Clark,murraycatherine@hotmail.com,(585)783-7568x16784,West Erica,New York,TAJIKISTAN
501,Christine Ferrell,yowens@beard.com,007-883-6922x33854,East Rebeccachester,Pennsylvania,MYANMAR
502,Beverly Spencer,jeffreyhubbard@spears.biz,327-355-1497x24903,East John,New Mexico,LIBYAN ARAB JAMAHIRIYA
503,Jeff Salazar,jenniferedwards@neal-hatfield.com,(006)174-1364,Sharonstad,Oregon,FALKLAND ISLANDS (MALVINAS)
504,Rebecca Rodriguez,arnoldjohn@harper.com,(507)612-2283x05644,Grantstad,Kansas,PARAGUAY
505,David Wood,brent63@hotmail.com,607-778-9433x27639,West Erikachester,Arizona,ANTARCTICA (THE TERRITORY SOUTH OF 60 DEG S)
506,Melissa Summers,jle@yahoo.com,001-022-209-7550,Garciaton,Nevada,NORWAY
507,Julia Hardin,erika20@clark.com,907-697-2162x1833,New Jessica,California,SAINT VINCENT AND THE GRENADINES
508,Laura Gray,smithmatthew@castillo.com,(008)228-3774x27054,Travisside,Ohio,TUVALU
509,Christopher Kelley,rossedward@keller.com,269-804-4665,Derrickview,New York,IRELAND
510,Keith Cardenas,qmercado@moore-burton.com,(573)787-4778,Alexistown,Vermont,QATAR
511,Jennifer Mendoza,mcknightchristopher@hotmail.com,897.284.2680x92826,Lake Dawnfurt,Kentucky,BRITISH INDIAN OCEAN TERRITORY (CHAGOS ARCHIPELAGO)
512,Aaron Gonzalez,brewershelly@gmail.com,668-803-1664x79512,Aguilarborough,Delaware,TURKMENISTAN
513,Philip Baker,tonyachambers@yahoo.com,601-991-9848,New Scottville,New Mexico,AFGHANISTAN
514,Penny Jennings,richardsonbenjamin@yahoo.com,+1-107-404-3368x9579,Chavezberg,Tennessee,UNITED STATES MINOR OUTLYING ISLANDS
515,Bradley Brown,johnsonmaria@williams.com,785-020-5025,Annetteburgh,Utah,SERBIA
516,Crystal Fleming,millerveronica@harvey.com,+1-974-753-9659x744,West Edward,Texas,PHILIPPINES
517,Pamela Scott,campbellrichard@bailey.com,405.133.7937x669,Grayville,West Virginia,PHILIPPINES
518,Pamela Smith,tyler17@yahoo.com,+1-058-496-8814x499,New Brianmouth,North Carolina,IRAN
519,Nicholas Craig,joseph09@hotmail.com,001-863-245-3527,North Rachelland,Vermont,AZERBAIJAN
520,Kelly Owen,robert68@spencer.com,(135)961-8307,Lake Joshua,Ohio,ALGERIA
521,Amanda Moore,eric97@hotmail.com,(055)482-9878,Lake Chelsealand,Wisconsin,SPAIN
522,Wesley Scott,atorres@yahoo.com,(937)178-4721,Russellmouth,Idaho,LUXEMBOURG
523,Anthony Nelson,rodneylin@harvey-gordon.org,988.775.4458x474,East Joshuaville,South Carolina,VANUATU
524,Miranda Perkins DDS,avang@murphy.info,193-463-8901x24844,Munozchester,Washington,SOLOMON ISLANDS
525,Jennifer Morse,robert62@anderson.com,065.948.0531x602,South Cynthia,Maryland,DOMINICAN REPUBLIC
526,Daniel Gonzales,ajones@wong.com,(311)213-8078x28780,Butlermouth,Vermont,TURKMENISTAN
527,Marcus Dixon,bhall@yahoo.com,001-418-028-8252x128,Reynoldston,Massachusetts,SYRIAN ARAB REPUBLIC
528,Denise Lawrence,amandazamora@hotmail.com,+1-470-520-3132,Davisburgh,Indiana,SAMOA
529,Alan Dillon,ibaird@yahoo.com,001-786-268-5272x8760,East Adam,New Mexico,KIRIBATI
530,Sandra Kim,russellelizabeth@colon.com,001-573-562-3277x00453,Alyssashire,New Mexico,CUBA
531,Calvin Ford,andreacabrera@livingston-johnson.com,025-554-6893x977,West Damonchester,New Mexico,MICRONESIA
532,Tiffany Ward,ricardo73@hotmail.com,(569)044-8467x3322,Lake Frankside,Rhode Island,GREENLAND
533,John Norris,hopkinsrodney@allen.com,994-264-0760x89530,East Sherryton,Iowa,TOKELAU
534,Laura Johnson,jenniferwagner@camacho.com,+1-335-689-0581,New Emilyville,Mississippi,SVALBARD & JAN MAYEN ISLANDS
535,Jim Monroe,richard02@rios.info,565-969-5794,Susanmouth,Oregon,GUAM
536,Jacqueline Richardson,peggy36@gmail.com,001-171-485-4183,Sherimouth,Florida,SAINT VINCENT AND THE GRENADINES
537,Stephanie Thomas,xshannon@brewer.com,(511)921-4574x4520,North Kristine,Texas,BURKINA FASO
538,James Dean,gharris@hotmail.com,001-824-035-3212x44029,Port Samuel,Maine,NORWAY
539,Rachel Johnston,lauradavis@santana.com,(795)990-0479x412,East Mark,Nebraska,ALGERIA
540,Steven Miller,laurenfigueroa@madden.com,133.996.2768x6127,West Lori,Delaware,SEYCHELLES
541,Alexander Martin,waynemcknight@davis.com,+1-029-890-8881,Byrdport,Mississippi,CAYMAN ISLANDS
542,Roger Rodriguez,chadrobinson@long-hoffman.com,723-667-0417,North Micheleborough,Vermont,MAYOTTE
543,Anna Wilson,austin01@gmail.com,001-320-344-9560x7148,Carrillostad,Arkansas,SWEDEN
544,Jordan Potter,jasmine72@jones.com,603-781-1057,East Kathleenshire,South Carolina,HONG KONG
545,Christine Coleman,smithbrittney@yahoo.com,(966)932-3370x0715,Port Anthonyfort,California,FALKLAND ISLANDS (MALVINAS)
546,Kristin Gonzalez,kennethrichard@morgan-nichols.info,488-839-2375x9097,East Alicia,Massachusetts,UNITED STATES MINOR OUTLYING ISLANDS
547,Melissa Jennings,michael13@hotmail.com,001-196-034-8236x78838,Gonzalezshire,South Dakota,CONGO
548,David Smith,robertgonzales@hotmail.com,664-867-4163x7120,Perezmouth,Michigan,GUATEMALA
549,Laura Castillo,greenwilliam@hunt.com,157-281-4361x168,Wilsonport,Missouri,UNITED STATES VIRGIN ISLANDS
550,Craig Brooks,reginaldgoodman@peterson-fletcher.com,(542)683-6843x7714,East Kellyview,South Dakota,POLAND
551,William Abbott,bfrench@gmail.com,011.962.2723,Marshfort,Louisiana,POLAND
552,Brett Vincent,petermoreno@hotmail.com,(095)709-3409x916,Antonioville,California,COMOROS
553,Michael Green,joshuarose@hoffman-lopez.info,006.279.5951x429,Jonathanfurt,Nevada,MONTSERRAT
554,Charles Miller,megan27@yahoo.com,(800)161-7344,Carpenterport,Vermont,SAO TOME AND PRINCIPE
555,Clinton Edwards,jdawson@morrow.com,001-897-100-1707x8129,Daisymouth,New Hampshire,IRAQ
556,Nancy Allen,anita14@gmail.com,+1-355-283-3728x7567,Lake Jaredberg,Nebraska,TURKS AND CAICOS ISLANDS
557,Donald Bryant,claytonmatthew@hotmail.com,(187)089-4107,North Vanessaville,California,FRENCH SOUTHERN TERRITORIES
558,Deanna Reyes,kiddmelissa@brown.info,(424)738-8523x774,Elliston,New Mexico,MOLDOVA
559,Barbara Thomas,matthewdavis@potter.net,8226799096,Jenkinstown,Georgia,MAURITANIA
560,Thomas Bridges,stephen64@chang-barnett.com,003-709-0703,Meyerton,North Dakota,NIUE
561,Morgan Ellison,frankjimenez@hotmail.com,9834849267,Amberchester,Utah,CHRISTMAS ISLAND
562,Hannah Phelps,lisa65@yahoo.com,(676)541-9828,South Whitneyview,New York,LESOTHO
563,April Calhoun,kyleduran@brown.com,(930)326-4525x7330,South Karenview,Wyoming,SENEGAL
564,James Rogers,dwayne24@yahoo.com,(751)258-3799x0053,Cummingschester,Rhode Island,VENEZUELA
565,Chad Hamilton,david85@ross.com,237.225.9310x337,North Amyshire,Maryland,CAMBODIA
566,Danielle Kemp,msmith@hall.com,+1-883-845-6125x7804,Robinsonville,Pennsylvania,MALI
567,Maria Watson,kherring@cruz.biz,554-421-5783x7926,Anthonyborough,Virginia,CAMEROON
568,Joanna Holland,christina42@hotmail.com,+1-390-397-9978,Lake Jason,Vermont,HOLY SEE (VATICAN CITY STATE)
569,Christopher Wheeler,zmaynard@yahoo.com,001-102-506-6686x06734,Butlerland,Maryland,SWITZERLAND
570,Meghan Patterson,jennifer10@rose.com,(762)215-5963,Phillipsshire,Utah,ISRAEL
571,Larry Gilbert,harrisanna@yahoo.com,001-465-653-1708x7300,Lake Melissa,Alaska,PANAMA
572,Robert Mcdonald,opowers@paul.info,223.487.4939,South Elizabethtown,Connecticut,MOROCCO
573,Larry Turner,ucortez@gmail.com,001-732-644-7893x7859,Crystalview,Colorado,LIBERIA
574,Rebecca Buchanan DDS,tylersellers@herman-wise.com,+1-810-457-3466x9447,Lake Susan,Iowa,MAURITANIA
575,Joshua Brown,walterarmstrong@hotmail.com,665-183-7847x71988,South Joshua,Kentucky,GUINEA
576,Robert Romero,fosterjulie@hernandez.net,001-964-692-4343,Johnfurt,Rhode Island,GREENLAND
577,Brian Wilkins,pjohnson@hotmail.com,108.803.5469x466,West Brendaton,Indiana,LESOTHO
578,Jeremy Stevens,simmonsjacob@burnett.com,001-965-586-8190x0415,East Jay,Florida,TANZANIA
579,Michelle Stanley,briggszachary@curry-miranda.com,(957)380-1012,Lisamouth,Connecticut,MAURITANIA
580,James Brown,cathy91@gentry.com,5519193968,Millerchester,Texas,LITHUANIA
581,Adam Smith,carlaharris@gmail.com,001-850-719-6129x33213,Barbaraburgh,Florida,ARMENIA
582,Teresa Ingram,wadesherry@gmail.com,177.588.5627x4806,Rodriguezburgh,Nebraska,SOLOMON ISLANDS
583,Bonnie Johnson,vangbrittany@hahn-jordan.info,+1-121-186-0181x12399,East Brian,Massachusetts,GUINEA-BISSAU
584,Nichole Mack,pattersonedward@gibbs.com,+1-688-910-9619x680,Michaelstad,Hawaii,BENIN
585,Paul Kirby,stonerichard@yahoo.com,001-180-446-0819x71408,West Roger,Massachusetts,ESTONIA
586,Shaun Johnson,garzalisa@hotmail.com,806-274-5669x83985,South Jonathanview,Colorado,GAMBIA
587,Luke Smith,pspears@yahoo.com,(253)847-6691x95301,Hurleyport,New York,BURUNDI
588,Lorraine Martinez,uwu@hotmail.com,2629761166,Port Jennifer,Montana,JORDAN
589,Colton Carlson,lindsey68@lowery.info,+1-016-562-7740x2157,East Christopher,Georgia,GIBRALTAR
590,Christopher Harris,maria60@meyer.net,+1-496-172-1505x205,West James,Colorado,COMOROS
591,Kayla Watson,murphysusan@hotmail.com,423.221.0912,Sabrinabury,Washington,BOTSWANA
592,Destiny Hale,michelle87@walker.com,+1-779-824-0211x68231,South Cindy,Oregon,TONGA
593,Nichole Miller,choilinda@reyes.biz,(789)635-5877x452,Lewisport,North Carolina,MALDIVES
594,Briana Curry,leonardphillips@gmail.com,(535)117-8828,West Brandonbury,Kentucky,GUADELOUPE
595,Julian Rose,adriangreen@yahoo.com,666.082.8874x5871,North Connie,Massachusetts,COTE D'IVOIRE
596,Ryan Lewis,cassandra15@hotmail.com,(621)074-1443,Lake Loritown,Missouri,BELGIUM
597,Dustin Thomas,michael74@yahoo.com,319.971.1533,West Kristen,New Hampshire,CHAD
598,Sarah Mcdonald,bradyjulie@turner.info,(858)618-8817x860,North Michael,Pennsylvania,CAPE VERDE
599,Mr. Jesus Levine II,lleach@cisneros.com,222-395-4807,West Shannonville,Maryland,SAINT MARTIN
600,Nancy Leach,tpeters@ruiz-garrison.com,7036665600,Grayberg,Hawaii,TIMOR-LESTE
601,Sarah Wilson DVM,carpentersarah@perry.net,726-439-3304x596,Lake Kathleen,Montana,IRAN
602,Jennifer Clay,codyharris@hotmail.com,358-498-1184x651,West Howard,Alaska,TUNISIA
603,David Grant,bsherman@hansen-swanson.com,(481)165-9558x5942,New Johnshire,Wisconsin,CONGO
604,Christine Castaneda,frogers@burns.biz,777.593.5861x34174,New Michaelside,Alaska,MAYOTTE
605,Rebecca White,jamesfranklin@gmail.com,+1-761-500-1113x91548,West Justinborough,Nebraska,EL SALVADOR
606,Mr. Benjamin Haney DDS,shieldsalicia@davis-peck.com,904.991.5738x067,Murraybury,Missouri,KOREA
607,Andrew Lowe,owenkathleen@white-torres.com,5869972459,Garciastad,Mississippi,UNITED STATES VIRGIN ISLANDS
608,Lisa Moore,hsmith@hotmail.com,491-773-2609x68568,Websterton,Wisconsin,MALI
609,Larry Gonzalez,edowns@hotmail.com,336-447-0263x2767,Dyerstad,Rhode Island,INDIA
610,Rebecca Moss,qcruz@hotmail.com,+1-471-553-4745x0240,Johnfort,Hawaii,NEPAL
611,Kristin Nelson,natalie94@yahoo.com,3754807805,New Jason,Washington,MARSHALL ISLANDS
612,Jamie Lopez,richardjames@warren.com,373.041.5063x2405,North Leahberg,Nebraska,GUYANA
613,Sheila Hayes,jamescarter@yahoo.com,464.660.3327x399,Bakermouth,Rhode Island,CAMEROON
614,Michelle Chang,brownchristopher@gmail.com,+1-760-781-9516x4849,Alvarezfort,Illinois,MALAYSIA
615,David Davenport,bakerjason@yahoo.com,547.893.5052x602,Johnsonfurt,North Dakota,LATVIA
616,Peter Brown,pughcarol@ware.com,912.377.4599,Susanville,Vermont,SAINT PIERRE AND MIQUELON
618,Nicholas Hunt,perezzachary@ford-reynolds.com,+1-404-492-7280x90317,Port Elizabeth,Missouri,SPAIN
619,Mrs. Tiffany Patterson,stacy40@hotmail.com,+1-959-303-2075,Smithmouth,Georgia,JAMAICA
620,Rachael Martinez,jamiebarr@gmail.com,(999)663-3092,West Melissa,Montana,GUINEA
621,Aaron Sanchez,prattjoshua@gmail.com,(732)012-9531,Adamport,Florida,COOK ISLANDS
622,Travis Taylor,imahoney@turner.com,001-305-484-7385,Avilafort,Rhode Island,KIRIBATI
623,Laurie Fox,mariah55@fox.com,827-238-2642,Mirandaville,North Carolina,GUAM
624,Jack Lucas,rogersmatthew@gmail.com,081.969.5448,Hughesmouth,Alabama,SWEDEN
625,Elizabeth Spencer,jillian89@pena.biz,001-403-507-6955x593,Michellehaven,North Carolina,BELARUS
626,Katie Joseph,vgonzales@west-huff.info,459.254.1238x7249,South Caitlyn,South Carolina,ARGENTINA
627,Antonio Mitchell,carol48@yahoo.com,001-674-166-2395,Hopkinsfort,Delaware,CAPE VERDE
628,Kevin Cooper,kimberlyjordan@hanson-moody.biz,122-727-6531x4513,Dakotaton,Arkansas,GUADELOUPE
629,Jacob Peters,michael55@yahoo.com,(168)335-7668,New Loristad,Wisconsin,ALBANIA
630,Robert Carpenter,dmalone@harris-wells.com,785-219-7933x68609,Port Casey,Utah,ITALY
631,Kenneth Stuart,pettyarthur@yahoo.com,001-839-111-5320x26400,Lake Erica,Kansas,RUSSIAN FEDERATION
632,Kenneth Sanchez,reneewade@daniels.info,218.893.8447x81676,Wrightview,Florida,SAINT VINCENT AND THE GRENADINES
633,David Hunt,kellynewton@graham-castillo.com,001-644-047-8327x9663,Wheelermouth,North Dakota,BERMUDA
634,Krista Wallace,chelsea24@yahoo.com,714.469.3995x31556,Collinsberg,Illinois,NEW ZEALAND
635,Todd Sims,ladams@myers-contreras.net,182-292-3246,Taylorton,Iowa,LAO PEOPLE'S DEMOCRATIC REPUBLIC
636,John Grant,zavalaemma@gmail.com,867.485.7830,Kristinmouth,Pennsylvania,HUNGARY
637,Susan Nguyen,qpearson@yahoo.com,868.005.5126x764,Sheliaview,Indiana,ISRAEL
638,Carol Johnson,scottryan@gmail.com,420-042-1867x471,Derrickbury,Massachusetts,BELIZE
639,Anna Maddox,ballardrobert@hotmail.com,335-850-8143,Port Jacob,Oregon,MACAO
640,Karen Henderson,melissapowers@moran.com,+1-106-089-1700,Edwardland,North Dakota,ETHIOPIA
641,Steven Pena,mcox@gmail.com,270-259-9611x43583,West Sheritown,South Dakota,LIBERIA
642,Steven Ball,billyjones@potter.com,(897)453-7147x3204,North Chelsea,New Hampshire,FINLAND
643,Brandon Gutierrez,raymond02@gmail.com,616.558.0624,Nguyenmouth,Georgia,ITALY
644,Charles Brown,esoto@brown.com,5687069057,Port Chadburgh,Colorado,QATAR
645,Sarah Chavez,teresadiaz@andrews.com,5484951657,South Bonnieborough,Georgia,TOKELAU
646,Joseph Johnson,randybaker@hotmail.com,551.902.0411x54880,Coreybury,Illinois,FINLAND
647,Jacob Wright,kathrynsmith@yahoo.com,001-543-700-9841x643,Hickmanton,South Dakota,OMAN
648,Richard Smith,lbrown@yahoo.com,001-928-339-7178x568,South Nicholasmouth,Mississippi,ARGENTINA
649,Brandon Crane,anthonymiles@jennings.com,001-169-833-1793,Robertsfort,Alaska,MALAYSIA
650,Ruth Sharp,tbell@phillips.com,001-593-570-7650x9462,South Amandamouth,Nevada,CAMEROON
651,Michelle Cole,ijohnson@sandoval.com,868-010-9360,New Joshuashire,Alabama,SURINAME
652,Martha Williams,victorsullivan@rose.net,777.014.9726x821,New Matthewfurt,Maryland,JORDAN
653,John Harris,peter91@hotmail.com,(205)135-6397,Jessicaburgh,Minnesota,ARUBA
654,Howard Coleman,mfowler@yahoo.com,+1-182-177-4874,Hayesbury,Mississippi,TONGA
655,Dr. Mary Landry,amandawatson@hotmail.com,001-971-252-0193,Lake Normanview,Nevada,NORTHERN MARIANA ISLANDS
656,Brittany Pacheco,carrollsuzanne@lopez.com,+1-138-783-0568x2875,East Mark,Michigan,CHRISTMAS ISLAND
657,Christopher Taylor,gking@gmail.com,282-699-3451,Hallburgh,Florida,BURUNDI
658,Angela Newman,rebecca03@hotmail.com,+1-475-055-7779x1743,East Elizabethborough,Maryland,NORWAY
659,Gregory Shaw,vaughntroy@vincent.info,(094)803-6957,Victoriaburgh,South Carolina,EQUATORIAL GUINEA
660,Kenneth Russell,zbray@hotmail.com,+1-550-694-3944,North Kristiland,Alaska,FRENCH SOUTHERN TERRITORIES
661,John Goodman,cindy54@hotmail.com,(101)818-8969,East Susanshire,Kansas,HEARD ISLAND AND MCDONALD ISLANDS
662,Troy Clark,garciamark@yahoo.com,3475601642,Lopezmouth,Massachusetts,FINLAND
663,Christopher Barr,matthewking@dean-dominguez.com,+1-394-071-7343x46609,Marissaview,New Mexico,POLAND
664,Matthew Butler,williamsbelinda@rodriguez-lee.com,412-022-4175,Joneshaven,Arizona,UNITED KINGDOM
665,Jessica Beck,joseph33@gonzalez.com,(859)156-5817,Lake Nathanielfort,Oklahoma,CHILE
666,Michele Thompson,georgeolsen@gmail.com,+1-142-999-4814x1401,Port William,Mississippi,PUERTO RICO
667,Stephanie Perkins,melissa65@smith.com,001-017-402-0984x469,Powellport,Ohio,BARBADOS
668,Bridget Lopez,ebonybryant@murphy.biz,491-532-1801x1308,Nicoleborough,Connecticut,GUINEA-BISSAU
669,Shawn Saunders,isaac40@martinez.com,(267)132-0253x4238,Alexanderton,New Hampshire,LEBANON
670,Eric Taylor,bbowman@foster.net,001-772-107-5240x033,Port Mitchellland,Alaska,PORTUGAL
671,Regina George,justinmurray@gmail.com,(426)541-6893x927,Goodwinbury,Pennsylvania,MEXICO
672,Cody Peters,lauradixon@velez.com,+1-278-680-7042x35731,Bethland,Colorado,SAINT KITTS AND NEVIS
673,Kenneth Lopez,lucasedwards@cortez-reed.info,+1-077-508-8494x9996,Port Michael,Missouri,MACEDONIA
674,Tyler Martinez,amysmith@barr-howard.org,001-484-542-2595x51330,Cherylstad,Maine,BHUTAN
675,Christine Barker,johnsonrobert@cooper-chambers.biz,659.050.4173,Andradeberg,Georgia,DOMINICA
676,Jason Park,kaiserjames@hotmail.com,(381)281-7189,West Shirley,Maryland,PERU
677,Michael Curry,jonesevan@stewart.info,114.933.1088,Martinbury,Arkansas,SVALBARD & JAN MAYEN ISLANDS
678,Randall Harrington,johnsonlisa@hotmail.com,803-648-5100,North Vincent,Maryland,BELARUS
679,Allison Miller,aprilcompton@coleman.info,+1-732-149-9970,Lake David,Alaska,FIJI
680,Eric Simpson,kristopheranderson@jenkins.com,4601041313,Michaelmouth,Oregon,GABON
681,Nathan Wolf,erikacarlson@henderson-valencia.info,(176)189-8987,Henryfort,West Virginia,KAZAKHSTAN
682,Sharon Robinson,idouglas@gmail.com,+1-818-939-7204x873,West Michaelshire,Kentucky,GHANA
683,Jonathan Noble,oclayton@wilson-peters.com,964.031.5758x5939,Port Traceymouth,Kansas,PANAMA
684,Charles Ward,carolyn39@gmail.com,195.406.3856x702,Lake Taylorland,Wyoming,GUINEA
685,Justin Ramirez,michael55@nunez.com,001-078-967-7888x92210,South Kimberlytown,Louisiana,ANGOLA
686,Lisa Simpson,caseykenneth@watts.info,+1-041-048-6671,Scottview,Georgia,JERSEY
687,Eduardo Colon,dominguezanna@yahoo.com,110.187.7033x2570,Donnabury,Wisconsin,ANTARCTICA (THE TERRITORY SOUTH OF 60 DEG S)
688,Chad Larsen,qsandoval@hotmail.com,+1-030-438-1779x98992,Richardshire,Hawaii,FINLAND
689,Douglas Rose,brianhunt@sanchez-wright.com,(651)812-7591x700,West John,Wisconsin,KUWAIT
690,Nicholas Moore,yphillips@hotmail.com,362-512-3115x41119,Lake Derrickfurt,Alabama,LIECHTENSTEIN
691,Omar Banks,bowersmichael@thompson.com,267-353-8425x611,Rodriguezmouth,Texas,SERBIA
692,Michelle Collins,fconner@hill.info,001-582-682-9508x14994,East Laurenberg,Illinois,GUATEMALA
693,Leslie Petersen,stacydoyle@cook.com,075-078-1973x54425,West Jane,New Mexico,LITHUANIA
694,David Osborne III,laura30@yahoo.com,(400)606-9882x64862,Diazstad,Indiana,LUXEMBOURG
695,Darren Blackwell,denise60@hotmail.com,210-407-2545,New Ryan,Colorado,SAUDI ARABIA
696,Kenneth Frey,meganpaul@johnson-elliott.biz,(517)431-6032,Brianbury,West Virginia,PITCAIRN ISLANDS
697,Paula Phillips,sharon78@hotmail.com,(236)179-4964x549,Jenniferstad,New Jersey,SAINT MARTIN
698,Audrey West,snydermorgan@luna.com,322.402.3936x27617,Hullview,Virginia,ANTARCTICA (THE TERRITORY SOUTH OF 60 DEG S)
699,Destiny Williams,elizabeth11@gmail.com,+1-638-110-5022,North Thomas,Tennessee,FRENCH GUIANA
700,Gina Kelly,achan@olson-nelson.com,+1-354-337-3278x396,North Mallory,Minnesota,BRITISH INDIAN OCEAN TERRITORY (CHAGOS ARCHIPELAGO)
701,Chad Smith,carloslee@hotmail.com,+1-486-965-3715x5731,West Hunterside,Oregon,MOLDOVA
702,Justin Walker,alvarezjason@gmail.com,731.297.3414x850,Lake Hannah,Texas,UNITED STATES MINOR OUTLYING ISLANDS
703,Miss Sandra Horton DDS,smithbrian@gmail.com,(087)121-8945,East Caitlyn,Tennessee,REUNION
704,Jason Johnson,charlesmurphy@meadows.info,(175)790-3230x888,Port Ryantown,Rhode Island,FINLAND
705,Julie Smith,arroyosarah@gmail.com,886.758.7558x509,Baileyville,Maryland,GRENADA
706,Luke Kerr,peterhowell@long.com,814-204-3845,Lake Stephanieview,Montana,CAMEROON
707,Shawn Green,cassandra39@rodriguez-mueller.biz,407.886.9858x574,Port Christopherfurt,Tennessee,SUDAN
708,Judith Hernandez,stefanie87@hotmail.com,978.953.7701,West Bailey,Delaware,JERSEY
709,Heather Santiago,tina78@nelson.com,7936518756,South Rachel,Pennsylvania,BURUNDI
710,Sandra Ayala,terrenceclark@parsons-wilson.com,(721)230-0857x8959,West Jimport,Idaho,GUAM
711,Jamie Smith,sabrina83@valdez-williams.com,3413653298,Ryanside,Louisiana,NEW ZEALAND
712,Lindsey Villarreal,doylelaurie@yahoo.com,0746143370,Port Joshuashire,Colorado,SAINT LUCIA
713,Katherine Parker,paulkim@hotmail.com,001-638-762-1577x4054,Marthachester,Nevada,BRITISH VIRGIN ISLANDS
714,Donna Ryan,carlos27@hotmail.com,(314)198-8726x349,North Cynthia,Florida,COSTA RICA
715,Laura Richards,edwardskristen@murray.com,(044)845-6771,Mariaview,Delaware,SAINT MARTIN
716,Marie James,leslie89@ray.biz,+1-457-677-6576x66476,New Michaeltown,North Carolina,PARAGUAY
717,Gloria Davidson,mark52@gmail.com,504.998.8782x9887,South Michael,West Virginia,FALKLAND ISLANDS (MALVINAS)
718,Aaron Jones,perrycatherine@hotmail.com,+1-738-640-0672,Robertchester,Illinois,MOZAMBIQUE
719,Christopher Delacruz,briandavis@hotmail.com,933.011.1840,Gomezhaven,Ohio,GIBRALTAR
720,Jonathan Watson,eric61@yahoo.com,436-974-5783,Charlesmouth,Oregon,TURKMENISTAN
721,Marie Bryant,marknovak@sloan-reynolds.com,+1-389-586-4178x25601,Port Lynnchester,Florida,ESTONIA
722,Taylor Parker,kpadilla@hotmail.com,684.268.5179,Leefort,Oregon,SAINT LUCIA
723,Stacey Williams,dianaarias@li-lawson.com,+1-952-038-7212x15190,Rachelfurt,Hawaii,SWEDEN
724,William Nelson,austinmyers@russell-chen.com,+1-350-824-3262x538,West Alexiston,Tennessee,LITHUANIA
725,Tony Larson,chamberspatricia@gmail.com,(484)350-7450,Lake Michelle,Idaho,MALAWI
726,Kevin Bentley,taylorjoseph@yahoo.com,109.077.1823,Jacquelinebury,Florida,SAUDI ARABIA
727,Karen Day,qgomez@yahoo.com,(172)757-3554x8147,East Reginachester,Nevada,BOTSWANA
728,Michael Carpenter,harold02@reed.com,433.906.2798,Williamport,New Hampshire,LEBANON
729,Michael Collier,carriemunoz@walker.org,275-939-5571,Laurieland,West Virginia,BENIN
730,Michael Bird,ugates@nguyen.com,364-364-4432x969,West Dylantown,South Dakota,AZERBAIJAN
731,Chris Gillespie,probbins@yahoo.com,(780)878-5710,East Amber,Mississippi,CUBA
732,Andrew Williams,ilewis@robertson-dalton.info,546.586.1728x470,West Joshua,Nebraska,NORTHERN MARIANA ISLANDS
733,Clinton Mitchell,deborah68@yahoo.com,001-154-635-1757x35185,Port Jessicafort,Montana,MONGOLIA
734,Heather Montoya,amurphy@gmail.com,3375229648,Danaland,Alabama,MONACO
735,Wesley Anderson,matthew79@richardson.com,766.041.4264,North Jackson,New Mexico,ARUBA
736,Connie Tucker,davidharvey@ward.com,+1-392-295-0149x62840,Trujilloshire,Michigan,CONGO
737,Tammy Mcdonald,karen67@hanson.net,(446)666-9483,Nobletown,Utah,MONACO
738,Christine Ortiz,rebecca08@rogers-white.biz,(972)669-2325,Navarroburgh,New York,ECUADOR
739,Elizabeth Carey,thomasbrown@hotmail.com,723-344-6661x051,Carolfurt,Colorado,MAURITIUS
740,James Palmer,vtodd@dominguez.org,(449)403-9518,Howellmouth,Nebraska,SOUTH GEORGIA AND THE SOUTH SANDWICH ISLANDS
741,Michael Nelson,mistystephens@johnson.com,691.237.7939x8012,Port Anthony,Missouri,CUBA
742,Phillip White,johngarcia@robinson.com,(314)098-2127x0231,Webbton,Delaware,COCOS (KEELING) ISLANDS
743,Lindsey Merritt,alvaradostephen@flores.com,0191765324,Alyssaview,Indiana,SLOVENIA
744,Susan Castillo,edwardsjennifer@yahoo.com,(911)708-7027x28204,North Cindyhaven,Alabama,TOKELAU
745,Taylor Harris,maryjackson@wade-smith.com,+1-324-183-2527x625,Lake Misty,Hawaii,BENIN
746,Brett Mcdonald,gabriel32@yahoo.com,011.678.1167x8629,East Luismouth,Illinois,MACEDONIA
747,David Jackson,kimberlyjackson@gmail.com,+1-941-753-0405x319,Kimberlyton,Texas,GUAM
748,Frank Flores,frank46@yahoo.com,037.846.7970x083,Lake Shannonview,Texas,FRENCH POLYNESIA
749,Gina Hicks,jennifer01@yahoo.com,(727)973-2829,North Melanieside,Kansas,BULGARIA
750,Brian Walton,jonathansimmons@horn.com,990-502-4065,North Emilyview,New Mexico,SPAIN
751,Brandon Williams,amber79@yahoo.com,863.124.0790x44813,New Bryanville,Connecticut,SAO TOME AND PRINCIPE
752,Denise Stout,zflynn@yahoo.com,619.524.9601x709,Port Cody,Nevada,GAMBIA
753,Timothy Webb,andersonelijah@gmail.com,+1-045-347-8277,West Michelle,Washington,CANADA
754,Thomas Fields,alexandria87@ward.info,(729)933-5702,Anthonybury,Oregon,MACAO
755,Jeff Reeves,smitchell@yahoo.com,(739)835-6523,New Jessicachester,Texas,KOREA
756,Richard Moore,teresa33@jacobson-crosby.com,1663340142,West Raymondborough,Kentucky,TURKMENISTAN
757,Gwendolyn Compton,richardmarsh@hotmail.com,+1-623-357-0444,Michaelville,West Virginia,UNITED STATES OF AMERICA
758,Terri Harris,christophergarcia@yahoo.com,944-957-4218x842,Nicholashaven,Delaware,UNITED ARAB EMIRATES
759,Christopher Rodriguez,karen92@yahoo.com,+1-642-998-7247x35399,Brooksshire,Delaware,GUYANA
760,Aaron Marshall,miguel18@gates.org,(305)782-4531,Lake Wesleyberg,Kentucky,IRAQ
761,Sue Allen,tcase@gmail.com,001-014-606-6961x0696,Lake Sean,Maryland,NETHERLANDS
762,Robert Lloyd,sharper@johnson.com,159.011.2502x316,North Reneeton,Idaho,UNITED STATES MINOR OUTLYING ISLANDS
763,Mrs. Tanya Oliver,daniellerodriguez@gmail.com,8614984250,Montgomeryfurt,South Carolina,NETHERLANDS ANTILLES
764,Nicole Chavez,antoniobrown@gmail.com,144-246-0737x2386,Lake Tinashire,Mississippi,CHILE
765,Tammy Morris,qhester@yahoo.com,001-637-982-9305x577,Kellerside,Indiana,ICELAND
766,Alan Collins,woodjeffery@blair-nichols.com,4390356028,Katrinachester,South Carolina,NIUE
767,Jessica Smith,michaelrhodes@yahoo.com,7512101842,Martinberg,Missouri,GEORGIA
768,Donna Garcia,melissareed@brown-bailey.org,+1-356-535-2437x7950,Sharpchester,Utah,VANUATU
769,Raymond Ellis,qhutchinson@burnett.com,122-584-6790x17522,Chapmanburgh,South Carolina,FALKLAND ISLANDS (MALVINAS)
770,Paige Gay,jasonweber@yahoo.com,999-020-3854x070,New Joseland,Michigan,MONTENEGRO
771,Teresa Campbell,terry53@hotmail.com,+1-513-976-3529,Robertport,Florida,SAINT KITTS AND NEVIS
772,Christopher Nelson,andrewgibbs@gmail.com,611-897-8737x282,Wintersborough,Texas,CUBA
773,Amanda Garcia,zmiller@williams-sanchez.com,8544184366,Lake Henrytown,South Dakota,NETHERLANDS ANTILLES
774,Anita Ruiz,gabriellejones@allen.biz,777.365.7645x5459,East Johnhaven,Delaware,NEW ZEALAND
775,Scott Wright,rodriguezbrent@yahoo.com,+1-395-533-0892x333,East Michaelland,Maryland,PALAU
776,Gabrielle Floyd,thomasjohn@yahoo.com,(606)741-5144,Kimville,Nebraska,FRANCE
777,Dana Zhang,lterry@wright-thompson.com,6957252023,Williamborough,New Jersey,KYRGYZ REPUBLIC
778,Caitlyn Payne,vargaspamela@hotmail.com,001-495-165-9919,Leefurt,Texas,FRENCH POLYNESIA
779,Mrs. Patricia Thomas DVM,scotttanya@turner.net,(785)547-0189x7795,North Patriciaport,Missouri,KOREA
780,Nicole Jensen,whenry@benton.net,001-004-177-0734x603,South Connorport,Alabama,SAN MARINO
781,Mr. Robert Reese,michael52@yahoo.com,(428)328-6785x150,Solomonfurt,North Dakota,VIETNAM
782,Hannah Newton,michael66@heath.net,001-409-363-6460,Ashleystad,Massachusetts,BRITISH INDIAN OCEAN TERRITORY (CHAGOS ARCHIPELAGO)
783,Audrey Knox,brendaperry@lopez.com,825-696-1921,Lake Jenna,Oregon,KOREA
784,Stephanie Grant,htran@yahoo.com,001-896-319-6305,South Courtney,Kentucky,RUSSIAN FEDERATION
785,Kenneth Rivas,kathleencervantes@miller.com,(746)901-7631,New Margaretchester,Kansas,LAO PEOPLE'S DEMOCRATIC REPUBLIC
786,Marisa Copeland MD,lisasmith@gmail.com,(306)356-7357,Brooksport,Hawaii,SEYCHELLES
787,Ellen Brown,masseyjennifer@gmail.com,001-273-032-4827x4635,Lake Jenny,Michigan,TAIWAN
788,Brian Robertson,sanfordmary@smith.org,862-185-3111x28177,Port Sheilafurt,Nevada,HUNGARY
789,James Cortez,ethompson@hotmail.com,265.984.5033,Carrburgh,Texas,PANAMA
790,Victoria Johnson,wward@barker.com,(452)756-7195,Port Lindabury,Arkansas,HEARD ISLAND AND MCDONALD ISLANDS
791,Jesse Brown,jacquelinemejia@hernandez-sweeney.org,891-852-9838x8201,Davidshire,New Jersey,KENYA
792,Derrick Davis MD,cvincent@combs-taylor.com,(619)549-0294,Bettyport,Illinois,PARAGUAY
793,Robin Yang,zcastillo@yahoo.com,(138)865-5009x1595,Garnerhaven,Illinois,CAMBODIA
794,Kristy Curtis,patricksmith@gmail.com,001-412-706-6185,South Austin,North Dakota,LITHUANIA
795,Whitney Gonzales,anthonyhodge@house.com,+1-811-209-9667,Goodmouth,Hawaii,WESTERN SAHARA
796,Matthew Walker,valeriebennett@yahoo.com,071.905.6574x3967,Johnsonview,Montana,SVALBARD & JAN MAYEN ISLANDS
797,Kyle Jones,garzajulia@yahoo.com,688-730-5886x810,West Jason,Connecticut,BURKINA FASO
798,Rebecca Henderson,lesliejoyce@hotmail.com,0958040146,Port Lesliemouth,Wyoming,SAINT MARTIN
799,Alexander Hendricks,hayesapril@scott-alexander.com,+1-474-369-3908x9413,New Amandashire,Missouri,LUXEMBOURG
800,Daniel Rodriguez,kelly84@mcguire.com,903-594-0942,Bryanburgh,Massachusetts,MONACO
801,Mario Hoover,kathleentaylor@daniels.info,(606)289-5134x0399,Pierceside,New Jersey,FRANCE
802,Michael Lee,rickmartin@beck.info,001-026-638-2071x548,New Markbury,Iowa,SWEDEN
803,Angela Harrison,petersonmaria@yahoo.com,719.288.9203x028,Floresmouth,Louisiana,ANTIGUA AND BARBUDA
804,Marcus Odonnell,clarkalexander@burns-olson.org,+1-249-726-5571x3649,Woodsview,Vermont,HAITI
805,Patrick Stewart,kathy57@hotmail.com,488-252-6990x1851,Port Danielchester,New Mexico,UGANDA
806,David Hancock,steve46@kaiser-banks.com,+1-680-983-8319x34650,Port Todd,North Carolina,ZAMBIA
807,David Garrett,pharris@gmail.com,001-892-349-5245x70515,Jenniferhaven,South Dakota,BURKINA FASO
808,Joseph Smith,suzannecowan@russo.com,+1-862-869-7476x23703,Deniseview,New Mexico,MOLDOVA
809,Nicole Neal,duncanmindy@gmail.com,+1-229-412-3280x625,Lake Bethany,Washington,BHUTAN
810,Heather Peterson,bridgeschloe@yahoo.com,+1-831-400-3563,East Rebeccaburgh,North Carolina,CANADA
811,Connor Contreras,tonya98@ward-garcia.net,001-621-325-0862,Solomonmouth,Missouri,FRENCH GUIANA
812,Christine Gonzales,jasonray@stephens-thompson.org,+1-467-363-1633x0846,North Taylorfurt,Georgia,MALAWI
813,Cynthia Clark,charlotte84@hotmail.com,491.163.4303x1016,Youngfurt,Nevada,CHRISTMAS ISLAND
814,Dr. Kelly Cox,charles08@hotmail.com,796-229-5110x84861,South Jessicachester,West Virginia,ARUBA
815,Rachel White,phillipsbrittany@hotmail.com,749-538-9162,Joshuatown,Nebraska,ICELAND
816,Kimberly Roberts,melindahernandez@gmail.com,(502)423-8935x44071,Lake Saramouth,Wisconsin,CHILE
817,Jade Jackson,danielle06@wallace-king.com,331.714.7955,Jillland,Hawaii,MONACO
818,Sharon Neal,erichoover@gmail.com,815.208.9521x76801,South Catherine,Hawaii,GRENADA
819,Sarah Malone,valerietaylor@hotmail.com,+1-139-430-3250x274,Cervantesbury,Oklahoma,DENMARK
820,Diane Williams,wday@clark-silva.com,(858)033-0864,West Angelabury,Florida,NAMIBIA
821,Kaylee Burnett,molinajoseph@hotmail.com,715.905.1823x77210,South Jonview,New Mexico,MONTENEGRO
822,Laura Holt,washingtonjohn@hotmail.com,0345688486,Emilyfort,Wisconsin,COTE D'IVOIRE
823,Richard George,cdougherty@gmail.com,660.474.1208,New Aaronchester,North Dakota,NAURU
824,Mark Kelly,adam39@ayala.biz,2695775266,Staceyton,Indiana,PAPUA NEW GUINEA
825,Jessica Morales,qedwards@tran.biz,298-393-0395x395,Lake Helen,Montana,ARMENIA
826,Kimberly Reed,shobbs@grimes.org,475.473.7704x9909,Ellisland,Rhode Island,GEORGIA
827,Ricky Davila,obautista@hotmail.com,(103)405-7368x9108,West Lisafort,Massachusetts,JAPAN
828,Diana Lewis,lindahurst@hotmail.com,+1-877-169-9165x87236,West Kathryn,Delaware,ANTIGUA AND BARBUDA
829,Scott Gonzales,hfitzpatrick@gmail.com,(572)818-2912x7898,Rhondaburgh,Kentucky,MONTSERRAT
830,Lauren Weber,littlekelly@hotmail.com,001-585-537-3043x763,New Manuelshire,Montana,LITHUANIA
831,Roberto Graham,amy14@hotmail.com,000-407-5602x3106,Tanyaton,New Hampshire,SEYCHELLES
832,Katelyn Silva DDS,jessicagordon@curry-torres.info,449.799.2519,Norrischester,Nebraska,NIUE
833,Erica Hill,shuff@hotmail.com,001-371-053-9259x0677,New Mariofurt,Alabama,SEYCHELLES
834,Karen Hebert,bryan25@finley-brown.com,316-677-5270,Rodriguezberg,New Hampshire,MONTSERRAT
835,Nancy Harrison MD,albert42@ellis.com,001-438-817-6762x270,Lake Michael,Kansas,ZAMBIA
836,Martin Esparza,william64@martinez-barnes.com,(782)036-9061x5502,Kentbury,Kentucky,ANTARCTICA (THE TERRITORY SOUTH OF 60 DEG S)
837,Shelby Ruiz,erictownsend@ochoa.biz,(766)540-5324x2169,Jeffreybury,Vermont,CHAD
838,Kathryn Hamilton,apierce@spencer-jones.net,5732136788,Phillipsmouth,Mississippi,BURKINA FASO
839,Ethan Johnson,elizabeth70@maynard-moore.com,8687441235,Riosmouth,Oklahoma,INDONESIA
840,Shelly Wright,johnsondeborah@yahoo.com,+1-515-179-7519x37849,Jefferyburgh,New Jersey,SPAIN
841,Preston King,caldwellclaudia@yahoo.com,(213)461-6461x52653,Port Donald,Utah,SOMALIA
842,Shawn Cole,rodriguezallison@jackson.info,988-408-9437,Angelaville,Florida,UGANDA
843,Brian Webster,lunaadriana@morris.org,+1-058-081-4033x405,New Maryville,Vermont,SAINT HELENA
844,Gina Pollard,susan86@garza.com,166-946-0212,Rebeccamouth,Nevada,SINGAPORE
845,Jonathan Hernandez,randymoore@yahoo.com,988-495-9126x092,East Jeffreyview,West Virginia,JERSEY
846,Wayne Gomez,fmyers@welch.org,+1-504-389-6416x450,Thomasshire,Massachusetts,COMOROS
847,Beverly Martinez,ruizdylan@barry-werner.net,641.261.3955x7458,Wilsontown,Vermont,GIBRALTAR
848,Christina Sanchez,miguelschultz@pittman-leonard.info,859.881.9206x96569,East Mitchell,Rhode Island,ISRAEL
849,Tiffany Graham,johnryan@drake.com,418.399.5578,East Rebeccaberg,North Carolina,ANDORRA
850,Jesse Miller,sanderson@dillon-smith.biz,+1-944-735-3414x39103,East Jill,Delaware,SWEDEN
851,Sara Goodman,beasleyrobert@yahoo.com,001-477-201-1040x8384,Lake Taylor,Oklahoma,CHINA
852,Ricky Day,ydawson@hotmail.com,001-533-422-5393x92242,Nicolefort,New Mexico,KOREA
853,Joy King,brandon18@hotmail.com,(211)484-6036x383,Dawsonside,New York,MAURITANIA
854,Shelley Thompson,steven98@richardson.org,770-693-9285x3202,Lanceland,Nebraska,RWANDA
855,Maria Vargas,creese@hotmail.com,818.986.3613x959,Kimberlymouth,Pennsylvania,BURKINA FASO
856,Amy Joseph,othompson@yahoo.com,+1-019-473-7796x2638,Warestad,Maine,SEYCHELLES
857,Terri Humphrey,zimmermanangela@hotmail.com,(200)810-0142,Contreraston,Montana,COCOS (KEELING) ISLANDS
858,Frank Morris,kingbrandi@gmail.com,001-671-080-0458,Mcculloughview,Hawaii,PALESTINIAN TERRITORY
859,Scott Yoder,thenderson@hotmail.com,(948)305-1719,Mooremouth,California,COCOS (KEELING) ISLANDS
860,Sharon Scott,jesse67@lowe-frazier.info,342.658.7503x104,Greeneview,Alabama,LATVIA
861,Angela Woodard,sosarobert@esparza.com,(669)747-2171x2435,Hendersonbury,West Virginia,AUSTRALIA
862,Gregory Gonzalez,nicolenguyen@yahoo.com,001-673-507-8107x2839,Lisafurt,Louisiana,YEMEN
863,Nicole Sanford,erindavis@wolfe.biz,+1-319-627-5644x39095,Lake Cassiemouth,Montana,TUVALU
864,Claudia Smith DDS,hthomas@howard.biz,078-704-8113x537,New Robert,Hawaii,LIBERIA
865,Stacie Cannon,ealexander@hotmail.com,5548990712,Lynchville,Massachusetts,FRENCH GUIANA
866,Catherine Short,williamsdavid@gmail.com,132.689.3746,East Calebchester,Wisconsin,MAURITIUS
867,Donna Ward,steelejudy@gmail.com,425.195.6176x55892,East Heather,Mississippi,TURKS AND CAICOS ISLANDS
868,Joshua Hawkins,ylee@hernandez.com,+1-335-287-8971x535,Evansburgh,Nebraska,MALI
869,Sarah Porter,erica50@yahoo.com,+1-283-101-8508x80875,Singhstad,Wisconsin,ANGUILLA
870,Gina Rodriguez,alyssa10@conway.biz,974.476.1937x8866,Port Patrick,South Dakota,FRENCH POLYNESIA
871,Gary Boyle,lisa74@andrews.info,001-226-281-9150,East Todd,Indiana,MAYOTTE
872,Kathleen Roberts,morrisfranklin@hotmail.com,050-472-6097x9629,West Michaelshire,New York,KOREA
873,Wesley Gray,obrienchristopher@yahoo.com,366.539.7885x8748,Rebeccastad,New Hampshire,BRAZIL
874,Robert Salazar,joseph96@gmail.com,(395)257-4777x43721,East William,North Carolina,KOREA
875,James Briggs,frivera@harrell.com,001-290-005-9054x5173,Morrisstad,Maine,ANTIGUA AND BARBUDA
876,Keith Armstrong,sara46@gmail.com,+1-712-393-3065x33535,Edwardsshire,Texas,MAURITANIA
877,James Cochran,wheelersabrina@henry.info,827.376.3097x73983,Brucechester,Alaska,MONGOLIA
878,Mr. Jonathan Cochran DVM,parkskelly@stanley-wallace.com,+1-629-010-7932x265,South Zachary,Minnesota,FRENCH GUIANA
879,Alan Howell,ronald11@ramos-harris.net,001-724-581-9870x88407,Jenniferborough,Vermont,MAYOTTE
880,Holly Harmon,hthomas@gmail.com,+1-507-051-3069x672,Port Davidville,Massachusetts,ICELAND
881,Kristen Harrington,hgrimes@walker-carroll.net,001-214-924-1371x73063,Port Susanstad,North Dakota,CUBA
882,Justin Vega,wosborne@hickman.net,(656)067-7559x5735,Craigtown,Massachusetts,WESTERN SAHARA
883,Margaret Beasley,michaelsmith@gmail.com,(589)881-0855,Hernandezmouth,New York,MACAO
884,Ian Kennedy,foxeric@smith.com,(074)931-6608x161,West Cynthiafurt,Nevada,BENIN
885,Dustin Bush,brandon04@yahoo.com,+1-408-922-7069,Lake Patrickport,South Carolina,DOMINICAN REPUBLIC
886,Matthew Stevenson,kristinalong@robinson.com,558-170-8335x1424,Deborahchester,Montana,REUNION
887,Lawrence Townsend,michael98@nelson.net,001-867-251-4096x17099,Clarkfort,Alabama,ZAMBIA
888,Tracy Clay,walkerandrew@hotmail.com,+1-469-128-1501,Kingview,Nebraska,HUNGARY
889,Jacqueline Hall MD,robertmartinez@yahoo.com,001-876-229-5794,Ramirezton,Oklahoma,BAHAMAS
890,Maria Jensen,owensjesse@gmail.com,571-604-2614,Sethchester,Michigan,ARGENTINA
891,Deborah Garcia,wgreen@keller.biz,001-945-419-1378x0498,Pooleberg,Alaska,NETHERLANDS ANTILLES
892,Joshua Lee,vgalvan@edwards.info,+1-607-414-6440x26135,West Eric,Minnesota,GUAM
893,Justin Thomas,mariahclark@yahoo.com,551-095-4252,Morganstad,Montana,UNITED KINGDOM
894,Margaret Dixon,heidigonzales@yahoo.com,263-340-2937,Lake Kristaberg,Nebraska,LATVIA
895,David Moore,shanemoon@yahoo.com,469.588.1946x877,Brandyberg,Oregon,FRENCH GUIANA
896,Leroy Cobb,oburns@moore-cline.biz,(849)053-6678x32031,Martinezborough,Connecticut,LIBERIA
897,Adrian Sanchez,angelaferguson@gonzalez.com,+1-180-166-4802x36280,Port Carlahaven,North Dakota,TAIWAN
898,Suzanne Newman,charlesgomez@hotmail.com,978.157.3415,North Emilychester,Alabama,MACAO
899,Clifford Baldwin,robertsbenjamin@gmail.com,(224)789-2251x82613,Bradleychester,Florida,BAHRAIN
900,Dylan Jones,bleblanc@yahoo.com,(981)099-7526,Barnesstad,Arkansas,MARSHALL ISLANDS
901,Juan Farmer,carterscott@ruiz.com,714.390.3909x20056,South Laura,New Mexico,ALBANIA
902,Victoria Walls,william57@hotmail.com,889.213.2738x15229,East Derek,New Jersey,PARAGUAY
903,Tracey Murphy,phillipsemily@wright.com,543.188.6459x4780,South Lisashire,Idaho,SAINT PIERRE AND MIQUELON
904,Dr. Claire Jenkins,xkirby@banks.com,+1-387-500-7709,Lake Jacobmouth,Georgia,BHUTAN
905,Angela Perez,campbelljason@gmail.com,001-569-640-1014x60193,West Jacob,Nevada,CHAD
906,Dr. Janet Parks,fritzjulia@hodges.com,161.408.2310,South Christophermouth,Delaware,NETHERLANDS ANTILLES
907,Elizabeth Marshall,cookdaniel@hotmail.com,+1-950-819-0056x7352,Cuevasstad,Rhode Island,HEARD ISLAND AND MCDONALD ISLANDS
908,Robert Allen,daniel02@lopez.biz,106.656.0249x2357,Wallaceland,Texas,GABON
909,Holly Miller,edwardreeves@hotmail.com,+1-975-261-5878x989,South Lisaside,Kansas,BOLIVIA
910,Brian Glenn,jonesfrancisco@wilson-carter.net,546-731-3717x4190,Moralesmouth,Maryland,UNITED KINGDOM
911,Mary Daniels,leeadrian@gmail.com,+1-176-170-6130x1127,New Jeffrey,Colorado,PAPUA NEW GUINEA
912,Lynn Santos,anthonysanchez@yahoo.com,965.640.0191x5426,Lake Patriciamouth,Oklahoma,SVALBARD & JAN MAYEN ISLANDS
913,Sarah Jones,jamie24@hotmail.com,001-114-754-6624x822,Port Bryan,Nevada,UKRAINE
914,Elizabeth Newton PhD,richard38@hotmail.com,(159)234-6652x174,Scottborough,Wisconsin,UZBEKISTAN
915,Travis Goodwin,albert05@hotmail.com,113-713-4631x0789,Lake Timothychester,Oregon,SYRIAN ARAB REPUBLIC
916,Erica Adkins,grantkatie@riggs.com,001-544-747-3343x597,South Katherine,New Mexico,ANTIGUA AND BARBUDA
917,Jeffery Ingram,mary17@williams-lucero.org,701.185.9689,Adamstown,West Virginia,NICARAGUA
918,Justin Murphy,georgetimothy@hotmail.com,(818)472-6680,Shahburgh,Maine,BELARUS
919,Mark Davis,austin62@hotmail.com,890.880.6831x1217,Carrieside,Georgia,SLOVAKIA (SLOVAK REPUBLIC)
920,Caitlin Allen,marktucker@reed.com,561.627.1413x42773,East Leslie,New York,DJIBOUTI
921,Shari White,jennifer09@lopez-gonzales.com,415.871.9942x5059,Lake Susan,Michigan,CZECH REPUBLIC
922,Stephanie Roman,michael87@franklin-faulkner.org,642.737.9572,New Jennifer,Connecticut,JAMAICA
923,Rachel Jones,allendale@beasley.com,075-350-2469,Stephanieport,Virginia,SAINT MARTIN
924,Carolyn Taylor,jeremyjackson@grant.net,001-570-943-9137x08587,South Christine,Delaware,CZECH REPUBLIC
925,Ashley Cabrera,nicholasbrown@williamson.com,151.931.7844x988,New Aaron,New Hampshire,NORTHERN MARIANA ISLANDS
926,Matthew Barron,davislaura@brown-wright.com,(245)540-7700x5355,Port James,Kentucky,MEXICO
927,Mary Maxwell,annettereese@riddle.net,779-825-8753x715,Carrilloville,Massachusetts,TURKS AND CAICOS ISLANDS
928,Theresa Robinson,yingram@butler-snow.com,+1-633-119-1611x9553,New Johnborough,Washington,BRAZIL
929,Dawn Brown,ddean@gmail.com,001-379-306-1892x00458,North Thomas,Connecticut,INDIA
930,Devin Beltran,kennethhansen@yahoo.com,255.065.2990,Jenniferbury,Missouri,SRI LANKA
931,Jessica Reid,olsenvalerie@chandler.org,3550819968,Joshuachester,Massachusetts,ZAMBIA
932,Yvonne Manning,lbaker@booker.com,+1-515-567-4092x0167,Carolynbury,Arizona,UZBEKISTAN
933,Mrs. Stacey Shields,morgan58@hughes.com,001-144-654-8400,North Pamelaton,Alaska,FRENCH GUIANA
934,Dawn Howard,nrice@yahoo.com,001-875-256-0489x9246,Taylormouth,Nevada,BAHAMAS
935,Corey Williams,joanna18@gmail.com,(165)250-8159,Carolynport,Kansas,BOTSWANA
936,Alex Parrish,oscott@sutton-castillo.info,001-631-032-3197x67025,Tabithaville,Nebraska,MADAGASCAR
937,Eduardo James,michael89@gmail.com,418-328-1137x244,Mahoneyburgh,Wyoming,MOROCCO
938,Mitchell Werner,rose48@riddle.com,(584)639-2488x7807,South Ray,South Dakota,PERU
939,Jennifer Scott,shawnwilliams@gmail.com,251-918-7162x897,Scottmouth,Nevada,JAMAICA
940,Jennifer Brown,guzmanpatricia@james.com,993-176-9708x56759,North Courtneychester,Washington,SOLOMON ISLANDS
941,Steven Garza,twilliams@yahoo.com,771.405.7702x501,Miguelport,Kentucky,NICARAGUA
942,Mark Mueller,iburnett@yahoo.com,(374)484-5557x6633,Hannahburgh,Alabama,RUSSIAN FEDERATION
943,Felicia Key,kimberlyjennings@gmail.com,728.276.9588x7089,Mckenzieburgh,West Virginia,TURKMENISTAN
944,Jessica Powell,zbuckley@fernandez.info,(448)294-3500x79616,Jeffreyfort,Wyoming,LAO PEOPLE'S DEMOCRATIC REPUBLIC
945,Dawn Ramirez,kchaney@willis.com,+1-695-072-5925x01691,Ronaldfort,North Dakota,BAHAMAS
946,Mr. Daniel Mendoza,warrenjames@parker.com,001-743-269-2494x18016,Rebeccaville,Delaware,OMAN
947,Laura Turner,wrightvicki@hotmail.com,(879)146-5951,Lake Dustinborough,Iowa,MONACO
948,Nicole Brown,rriggs@yahoo.com,+1-942-394-3837x5428,Paulfort,Washington,LESOTHO
949,Mark Soto,mossalec@hotmail.com,(772)179-3162,Brandonmouth,Minnesota,CONGO
950,Jeremy Obrien,emma83@hotmail.com,268.779.3889x491,Port Alisha,Nevada,KENYA
951,John Scott,williamsandrew@yahoo.com,001-296-965-2415x731,East Andrewtown,Kentucky,BELARUS
952,Aimee Shaffer,brookeballard@buchanan.info,2657814963,Louisland,Pennsylvania,COTE D'IVOIRE
953,Steven Stanley,ballwilliam@foster-bridges.com,700.174.9317,Roberttown,New York,DJIBOUTI
954,Tony Thornton,shawnyoung@hotmail.com,010.149.2621x8922,Alexistown,Nebraska,BELARUS
955,James Nelson,pbrown@yahoo.com,435-804-7118,Port Antonioport,Michigan,AUSTRIA
956,Ethan Sanchez,armstrongmark@russell.biz,+1-347-796-6054x856,West Thomas,Alabama,TAIWAN
957,Christopher Morales,hughesnancy@hotmail.com,001-861-754-1827x7114,South Brianside,Alaska,YEMEN
958,Jonathan Floyd,renee08@gmail.com,(786)504-4414x4294,Lake Richard,South Dakota,ANDORRA
959,Amy Reed,murphydavid@caldwell-barrett.com,(849)704-2416x98142,South Theresaside,Colorado,KAZAKHSTAN
960,Amanda Nichols,ronaldray@gmail.com,+1-397-661-0541x71500,Reynoldsland,Vermont,SWITZERLAND
961,Hannah Nixon,nolanrita@wright.com,618.677.0667x219,Port Maria,Oklahoma,SENEGAL
962,Kevin Wilson,sampsonbrittany@rodriguez.info,(597)833-6740,East Gloriaton,Minnesota,NAMIBIA
963,Debra Mitchell,igarza@hotmail.com,1225620836,Lake Alexisside,Ohio,ARGENTINA
964,John Barrett,kgolden@williams.info,3559591516,Nolanland,Nevada,ROMANIA
965,William Sullivan,vbradshaw@gmail.com,(025)368-7320x9225,Michaelside,Alaska,ICELAND
966,Alicia Gonzales,lynnbullock@hotmail.com,183.410.0066x5848,Victoriabury,Virginia,SAUDI ARABIA
967,Kristy Blevins,ryan35@klein.info,6493759044,Stephensonton,South Dakota,SWITZERLAND
968,Nicole Underwood,terry27@moreno.biz,513-005-0198x575,Timothyside,North Carolina,SINGAPORE
969,Douglas Washington,kmoore@nguyen.com,205.285.1550,East Markview,New Jersey,BELGIUM
970,Jeffrey Dixon,balldavid@hotmail.com,001-184-180-5141x2007,Crystalton,Louisiana,SAINT PIERRE AND MIQUELON
971,Andrea Patterson,leahmoore@graves-thomas.biz,+1-994-738-7930,Lake Mike,Indiana,NETHERLANDS ANTILLES
972,William Richardson,cshepherd@hernandez.com,394.912.5819x3669,Mollychester,Maryland,COTE D'IVOIRE
973,Hannah Steele,rachel59@watson-fisher.com,(089)514-6318x798,Richbury,Kansas,PERU
974,Betty Smith,johnwalker@warren.org,(025)092-7040x0438,Hickmanchester,North Carolina,GABON
975,Robert Pearson,rojassteven@yahoo.com,001-896-636-8053x7380,East James,Arizona,MONACO
976,Brandon Robles,steven07@garcia-schwartz.biz,(109)863-6782,South Amyshire,Missouri,ALGERIA
977,Reginald Roach,tomwilliams@glenn.com,(580)681-7922x4199,Holdermouth,Alabama,CUBA
978,Justin Schmidt,williamsonrobin@yahoo.com,001-448-789-0483x3465,Hardinmouth,West Virginia,NORFOLK ISLAND
979,Anthony Garcia,hendersonroberto@perry.org,001-743-087-8037,Lake Kimberly,Virginia,UZBEKISTAN
980,Jessica Martinez,mitchellpaula@yahoo.com,781-373-1421x75624,Wheelerview,Washington,EL SALVADOR
981,Russell Crawford,zperez@bell.info,(620)840-7846x40157,Phillipsfurt,Florida,BRAZIL
982,Melissa Dixon,icooper@yahoo.com,424-586-6729x29907,East Toni,Nebraska,LATVIA
983,Amanda Wade,veronica41@black.com,+1-688-339-2389,Taylorstad,Tennessee,TURKMENISTAN
984,Matthew Singh,fbarry@perez.com,480.843.7149x2627,Lake Michael,Tennessee,IRAN
985,Nicholas Hernandez,yhensley@hotmail.com,9614909100,South Philipshire,Massachusetts,GEORGIA
986,Eric Cortez,davisnicole@dickerson-anderson.info,001-420-522-5898x7307,East Daniel,Montana,HOLY SEE (VATICAN CITY STATE)
987,Stephanie Hudson,bradybrian@shelton.com,134.025.0064x2276,Johnshire,Tennessee,GAMBIA
988,Jennifer Taylor,bruce53@yahoo.com,741.160.2859x5388,Cooperside,New York,UZBEKISTAN
989,Timothy Lopez,nuneznicole@gmail.com,230.164.3032x97744,Jeremyberg,Pennsylvania,REUNION
990,Michael Fox,natalie04@yahoo.com,246.497.2834x190,Hayesland,Alaska,ANTIGUA AND BARBUDA
991,Jessica Carter,bethwright@fields-anderson.com,265.859.7024x89105,Terrenceshire,Oregon,BENIN
992,Samuel Rice,josephtravis@yahoo.com,(123)434-4070x806,North Shelby,Kansas,NAMIBIA
993,Matthew Allen,melody90@hotmail.com,312.821.1126x4218,West Jonathanfort,Oklahoma,MACEDONIA
994,Pamela Reid,freemanmitchell@gmail.com,095.062.6327x624,East Ronald,New Hampshire,CAPE VERDE
995,Randy Obrien,joanne07@howell.com,987.752.3999x636,Port Aprilstad,Louisiana,ETHIOPIA
996,Michael Willis,shaun92@martin.com,651-599-5274,Phelpsside,West Virginia,LITHUANIA
997,Heather Rivera,susanjones@griffin.com,+1-475-619-6176x5021,Port Andrewton,Hawaii,LUXEMBOURG
998,Elizabeth Bishop,abrown@yahoo.com,253-806-3190,Rachelfort,Missouri,NEPAL
999,Nicholas Mcdonald,ymitchell@hampton-white.net,+1-975-311-5243x87207,Seanborough,Washington,BHUTAN
1000,Matthew King,wheeleranne@hotmail.com,596-243-8409x277,Port Michaelbury,Texas,NORFOLK ISLAND
